time,nagents,#153,#154,#155,#156,#157,#158,#159,#160,#161,#162,#163,#164,#165,#166,#167,#168,#169,#170,#171
0,50,0,0,0,0.23110204081632646,"Dict(:p25 => 10.25, :p75 => 19.0, :p50 => 14.0, :p90 => 23.1, :p99 => 25.0, :p95 => 24.549999999999997)",9.797632143947327,0.0,0.0,3.884297118205747,"Dict{String, Real}(""unique_cultures"" => 49, ""max_possible"" => 2048, ""diversity_ratio"" => 0.02392578125)",0.0,0.0,29,21,"Dict(""blue_proportion"" => 0.42, ""red_proportion"" => 0.58)","Dict(:p25 => 10.25, :p75 => 19.0, :p50 => 14.0, :p90 => 23.1, :p99 => 25.0, :p95 => 24.549999999999997)",9.797632143947327,0,0
1,50,0,0,0,0.2600580551523948,"Dict(:p25 => 8.25, :p75 => 19.75, :p50 => 13.0, :p90 => 23.0, :p99 => 24.509999999999998, :p95 => 23.549999999999997)",20.847962706112217,1.0,0.0,3.912023005428145,"Dict{String, Real}(""unique_cultures"" => 50, ""max_possible"" => 2048, ""diversity_ratio"" => 0.0244140625)",0.0,0.0,27,23,"Dict(""blue_proportion"" => 0.46, ""red_proportion"" => 0.54)","Dict(:p25 => 8.25, :p75 => 19.75, :p50 => 13.0, :p90 => 23.0, :p99 => 24.509999999999998, :p95 => 23.549999999999997)",20.847962706112217,0,0
2,49,0,0,1,0.29397771378490045,"Dict(:p25 => 9.0, :p75 => 19.0, :p50 => 12.0, :p90 => 24.0, :p99 => 26.039999999999992, :p95 => 24.6)",7.907866854153609,2.0,0.0,3.8918202981106305,"Dict{String, Real}(""unique_cultures"" => 49, ""max_possible"" => 2048, ""diversity_ratio"" => 0.02392578125)",0.0,0.0,25,24,"Dict(""blue_proportion"" => 0.4897959183673469, ""red_proportion"" => 0.5102040816326531)","Dict(:p25 => 9.0, :p75 => 19.0, :p50 => 12.0, :p90 => 24.0, :p99 => 26.039999999999992, :p95 => 24.6)",7.907866854153609,0,1
3,47,0,0,3,0.3306737588652484,"Dict(:p25 => 7.5, :p75 => 19.0, :p50 => 11.0, :p90 => 25.0, :p99 => 28.54, :p95 => 26.700000000000003)",7.5669521635601935,3.0,0.0,3.8501476017100575,"Dict{String, Real}(""unique_cultures"" => 47, ""max_possible"" => 2048, ""diversity_ratio"" => 0.02294921875)",0.0,0.0,25,22,"Dict(""blue_proportion"" => 0.46808510638297873, ""red_proportion"" => 0.5319148936170213)","Dict(:p25 => 7.5, :p75 => 19.0, :p50 => 11.0, :p90 => 25.0, :p99 => 28.54, :p95 => 26.700000000000003)",7.5669521635601935,0,3
4,44,0,0,6,0.34907143926913276,"Dict(:p25 => 7.75, :p75 => 20.25, :p50 => 12.5, :p90 => 26.700000000000003, :p99 => 31.0, :p95 => 28.85)",4.697628882841127,4.0,0.0,3.752682943892813,"Dict{String, Real}(""unique_cultures"" => 43, ""max_possible"" => 2048, ""diversity_ratio"" => 0.02099609375)",0.0,0.0,26,18,"Dict(""blue_proportion"" => 0.4090909090909091, ""red_proportion"" => 0.5909090909090909)","Dict(:p25 => 7.75, :p75 => 20.25, :p50 => 12.5, :p90 => 26.700000000000003, :p99 => 31.0, :p95 => 28.85)",4.697628882841127,0,6
5,40,0,0,10,0.3473706176961604,"Dict(:p25 => 8.0, :p75 => 21.0, :p50 => 13.5, :p90 => 29.1, :p99 => 33.61, :p95 => 31.099999999999994)",4.199628573853255,5.0,0.0,3.6542220950859425,"Dict{String, Real}(""unique_cultures"" => 39, ""max_possible"" => 2048, ""diversity_ratio"" => 0.01904296875)",0.0,0.0,26,14,"Dict(""blue_proportion"" => 0.35, ""red_proportion"" => 0.65)","Dict(:p25 => 8.0, :p75 => 21.0, :p50 => 13.5, :p90 => 29.1, :p99 => 33.61, :p95 => 31.099999999999994)",4.199628573853255,0,10
6,37,0,0,13,0.35009009009009007,"Dict(:p25 => 8.0, :p75 => 23.0, :p50 => 14.0, :p90 => 31.400000000000006, :p99 => 36.28, :p95 => 33.400000000000006)",6.977276501347133,6.0,0.0,3.610917912644226,"Dict{String, Real}(""unique_cultures"" => 37, ""max_possible"" => 2048, ""diversity_ratio"" => 0.01806640625)",0.0,0.0,23,14,"Dict(""blue_proportion"" => 0.3783783783783784, ""red_proportion"" => 0.6216216216216216)","Dict(:p25 => 8.0, :p75 => 23.0, :p50 => 14.0, :p90 => 31.400000000000006, :p99 => 36.28, :p95 => 33.400000000000006)",6.977276501347133,0,13
7,36,0,0,14,0.3729702609012955,"Dict(:p25 => 7.0, :p75 => 23.75, :p50 => 16.0, :p90 => 34.0, :p99 => 38.949999999999996, :p95 => 35.5)",5.830422693875749,7.0,0.0,3.583518938456111,"Dict{String, Real}(""unique_cultures"" => 36, ""max_possible"" => 2048, ""diversity_ratio"" => 0.017578125)",0.0,0.0,23,13,"Dict(""blue_proportion"" => 0.3611111111111111, ""red_proportion"" => 0.6388888888888888)","Dict(:p25 => 7.0, :p75 => 23.75, :p50 => 16.0, :p90 => 34.0, :p99 => 38.949999999999996, :p95 => 35.5)",5.830422693875749,0,14
8,34,0,0,16,0.37884815762053625,"Dict(:p25 => 7.0, :p75 => 27.75, :p50 => 16.5, :p90 => 36.7, :p99 => 41.67999999999998, :p95 => 37.7)",13.234042193193863,8.0,0.0,3.485587161053814,"Dict{String, Real}(""unique_cultures"" => 33, ""max_possible"" => 2048, ""diversity_ratio"" => 0.01611328125)",0.0,0.0,21,13,"Dict(""blue_proportion"" => 0.38235294117647056, ""red_proportion"" => 0.6176470588235294)","Dict(:p25 => 7.0, :p75 => 27.75, :p50 => 16.5, :p90 => 36.7, :p99 => 41.67999999999998, :p95 => 37.7)",13.234042193193863,0,16
9,33,0,0,17,0.3867198632088915,"Dict(:p25 => 6.0, :p75 => 31.0, :p50 => 17.0, :p90 => 38.8, :p99 => 44.4, :p95 => 40.400000000000006)",12.561468500831104,9.0,0.0,3.4544986414325436,"Dict{String, Real}(""unique_cultures"" => 32, ""max_possible"" => 2048, ""diversity_ratio"" => 0.015625)",0.0,0.0,20,13,"Dict(""blue_proportion"" => 0.3939393939393939, ""red_proportion"" => 0.6060606060606061)","Dict(:p25 => 6.0, :p75 => 31.0, :p50 => 17.0, :p90 => 38.8, :p99 => 44.4, :p95 => 40.400000000000006)",12.561468500831104,0,17
10,32,0,0,18,0.3904816513761469,"Dict(:p25 => 6.5, :p75 => 32.25, :p50 => 19.5, :p90 => 40.900000000000006, :p99 => 45.07000000000001, :p95 => 43.0)",13.77142001358725,10.0,0.0,3.4224142040147285,"Dict{String, Real}(""unique_cultures"" => 31, ""max_possible"" => 2048, ""diversity_ratio"" => 0.01513671875)",0.0,0.0,21,11,"Dict(""blue_proportion"" => 0.34375, ""red_proportion"" => 0.65625)","Dict(:p25 => 6.5, :p75 => 32.25, :p50 => 19.5, :p90 => 40.900000000000006, :p99 => 45.07000000000001, :p95 => 43.0)",13.77142001358725,0,18
11,31,0,0,19,0.39359617682198333,"Dict(:p25 => 9.5, :p75 => 34.0, :p50 => 21.0, :p90 => 43.0, :p99 => 48.10000000000001, :p95 => 45.5)",13.09661679199143,11.0,0.0,3.3892680315457957,"Dict{String, Real}(""unique_cultures"" => 30, ""max_possible"" => 2048, ""diversity_ratio"" => 0.0146484375)",0.0,0.0,19,12,"Dict(""blue_proportion"" => 0.3870967741935484, ""red_proportion"" => 0.6129032258064516)","Dict(:p25 => 9.5, :p75 => 34.0, :p50 => 21.0, :p90 => 43.0, :p99 => 48.10000000000001, :p95 => 45.5)",13.09661679199143,0,19
12,30,0,0,20,0.39175011921793024,"Dict(:p25 => 12.0, :p75 => 36.25, :p50 => 21.5, :p90 => 45.2, :p99 => 51.13, :p95 => 48.10000000000001)",12.550642794835957,12.0,0.0,3.3549875696248246,"Dict{String, Real}(""unique_cultures"" => 29, ""max_possible"" => 2048, ""diversity_ratio"" => 0.01416015625)",0.0,0.0,18,12,"Dict(""blue_proportion"" => 0.4, ""red_proportion"" => 0.6)","Dict(:p25 => 12.0, :p75 => 36.25, :p50 => 21.5, :p90 => 45.2, :p99 => 51.13, :p95 => 48.10000000000001)",12.550642794835957,0,20
13,29,0,0,21,0.3848751486325801,"Dict(:p25 => 12.0, :p75 => 39.0, :p50 => 23.0, :p90 => 47.400000000000006, :p99 => 54.16000000000001, :p95 => 50.800000000000004)",12.95406532526985,13.0,0.0,3.319492576154752,"Dict{String, Real}(""unique_cultures"" => 28, ""max_possible"" => 2048, ""diversity_ratio"" => 0.013671875)",0.0,0.0,19,10,"Dict(""blue_proportion"" => 0.3448275862068966, ""red_proportion"" => 0.6551724137931034)","Dict(:p25 => 12.0, :p75 => 39.0, :p50 => 23.0, :p90 => 47.400000000000006, :p99 => 54.16000000000001, :p95 => 50.800000000000004)",12.95406532526985,0,21
14,27,0,0,23,0.35212309513241613,"Dict(:p25 => 12.5, :p75 => 44.0, :p50 => 27.0, :p90 => 49.800000000000004, :p99 => 57.220000000000006, :p95 => 53.80000000000001)",12.29655101250849,14.0,0.0,3.2444926304072967,"Dict{String, Real}(""unique_cultures"" => 26, ""max_possible"" => 2048, ""diversity_ratio"" => 0.0126953125)",0.0,0.0,18,9,"Dict(""blue_proportion"" => 0.3333333333333333, ""red_proportion"" => 0.6666666666666666)","Dict(:p25 => 12.5, :p75 => 44.0, :p50 => 27.0, :p90 => 49.800000000000004, :p99 => 57.220000000000006, :p95 => 53.80000000000001)",12.29655101250849,0,23
15,26,0,0,24,0.3357988165680472,"Dict(:p25 => 14.5, :p75 => 47.5, :p50 => 28.0, :p90 => 52.00000000000001, :p99 => 60.25, :p95 => 56.750000000000014)",11.755235331397767,15.0,0.0,3.2047775241322567,"Dict{String, Real}(""unique_cultures"" => 25, ""max_possible"" => 2048, ""diversity_ratio"" => 0.01220703125)",0.0,0.0,17,9,"Dict(""blue_proportion"" => 0.34615384615384615, ""red_proportion"" => 0.6538461538461539)","Dict(:p25 => 14.5, :p75 => 47.5, :p50 => 28.0, :p90 => 52.00000000000001, :p99 => 60.25, :p95 => 56.750000000000014)",11.755235331397767,0,24
16,26,0,0,24,0.34330132166967764,"Dict(:p25 => 14.75, :p75 => 49.5, :p50 => 29.0, :p90 => 54.00000000000001, :p99 => 63.25, :p95 => 59.500000000000014)",13.653204537386376,16.0,0.0,3.2047775241322567,"Dict{String, Real}(""unique_cultures"" => 25, ""max_possible"" => 2048, ""diversity_ratio"" => 0.01220703125)",0.0,0.0,16,10,"Dict(""blue_proportion"" => 0.38461538461538464, ""red_proportion"" => 0.6153846153846154)","Dict(:p25 => 14.75, :p75 => 49.5, :p50 => 29.0, :p90 => 54.00000000000001, :p99 => 63.25, :p95 => 59.500000000000014)",13.653204537386376,0,24
17,26,0,0,24,0.3487240682944739,"Dict(:p25 => 15.0, :p75 => 51.5, :p50 => 30.0, :p90 => 56.5, :p99 => 66.0, :p95 => 61.50000000000003)",12.923317365383086,17.0,0.0,3.1514585102430304,"Dict{String, Real}(""unique_cultures"" => 24, ""max_possible"" => 2048, ""diversity_ratio"" => 0.01171875)",0.0,0.0,17,9,"Dict(""blue_proportion"" => 0.34615384615384615, ""red_proportion"" => 0.6538461538461539)","Dict(:p25 => 15.0, :p75 => 51.5, :p50 => 30.0, :p90 => 56.5, :p99 => 66.0, :p95 => 61.50000000000003)",12.923317365383086,0,24
18,27,1,0,24,0.3728537786341255,"Dict(:p25 => 12.0, :p75 => 52.0, :p50 => 30.0, :p90 => 59.0, :p99 => 68.70000000000002, :p95 => 63.20000000000002)",12.322788188281654,17.333333333333332,0.0370370370370372,3.1931483948102635,"Dict{String, Real}(""unique_cultures"" => 25, ""max_possible"" => 2048, ""diversity_ratio"" => 0.01220703125)",0.0,0.0,18,9,"Dict(""blue_proportion"" => 0.3333333333333333, ""red_proportion"" => 0.6666666666666666)","Dict(:p25 => 12.0, :p75 => 52.0, :p50 => 30.0, :p90 => 59.0, :p99 => 68.70000000000002, :p95 => 63.20000000000002)",12.322788188281654,0,24
19,30,4,0,24,0.390800744878957,"Dict(:p25 => 11.5, :p75 => 47.5, :p50 => 28.25, :p90 => 59.2, :p99 => 65.55000000000001, :p95 => 61.550000000000004)",13.74472433550486,16.5,0.13151515151515136,3.170148321475506,"Dict{String, Real}(""unique_cultures"" => 25, ""max_possible"" => 2048, ""diversity_ratio"" => 0.01220703125)",0.0,0.0,20,10,"Dict(""blue_proportion"" => 0.3333333333333333, ""red_proportion"" => 0.6666666666666666)","Dict(:p25 => 11.5, :p75 => 47.5, :p50 => 28.25, :p90 => 59.2, :p99 => 65.55000000000001, :p95 => 61.550000000000004)",13.74472433550486,0,24
20,34,8,0,24,0.40569912175396494,"Dict(:p25 => 11.25, :p75 => 45.0, :p50 => 21.75, :p90 => 58.10000000000001, :p99 => 64.33999999999999, :p95 => 61.37500000000001)",6.570389907033944,15.441176470588236,0.22705882352941198,3.307104055517222,"Dict{String, Real}(""unique_cultures"" => 29, ""max_possible"" => 2048, ""diversity_ratio"" => 0.01416015625)",0.0,0.0,23,11,"Dict(""blue_proportion"" => 0.3235294117647059, ""red_proportion"" => 0.6764705882352942)","Dict(:p25 => 11.25, :p75 => 45.0, :p50 => 21.75, :p90 => 58.10000000000001, :p99 => 64.33999999999999, :p95 => 61.37500000000001)",6.570389907033944,0,24
21,35,9,0,24,0.40976826048694637,"Dict(:p25 => 12.0, :p75 => 45.0, :p50 => 21.0, :p90 => 60.2, :p99 => 66.97999999999999, :p95 => 63.24999999999999)",7.210371990718071,15.971428571428572,0.2357270636340405,3.263139242300734,"Dict{String, Real}(""unique_cultures"" => 28, ""max_possible"" => 2048, ""diversity_ratio"" => 0.013671875)",0.0,0.0,19,16,"Dict(""blue_proportion"" => 0.45714285714285713, ""red_proportion"" => 0.5428571428571428)","Dict(:p25 => 12.0, :p75 => 45.0, :p50 => 21.0, :p90 => 60.2, :p99 => 66.97999999999999, :p95 => 63.24999999999999)",7.210371990718071,0,24
22,38,12,0,24,0.4129233976029181,"Dict(:p25 => 11.0, :p75 => 37.25, :p50 => 21.0, :p90 => 62.300000000000004, :p99 => 68.88999999999999, :p95 => 64.875)",5.9745113769491365,15.631578947368421,0.2832713095870989,3.49166043750324,"Dict{String, Real}(""unique_cultures"" => 34, ""max_possible"" => 2048, ""diversity_ratio"" => 0.0166015625)",0.0,0.0,23,15,"Dict(""blue_proportion"" => 0.39473684210526316, ""red_proportion"" => 0.6052631578947368)","Dict(:p25 => 11.0, :p75 => 37.25, :p50 => 21.0, :p90 => 62.300000000000004, :p99 => 68.88999999999999, :p95 => 64.875)",5.9745113769491365,0,24
23,38,12,0,24,0.4096457874724835,"Dict(:p25 => 11.25, :p75 => 38.25, :p50 => 22.0, :p90 => 65.0, :p99 => 70.88999999999999, :p95 => 66.875)",6.096517332478437,16.63157894736842,0.26623917388407725,3.38221614583588,"Dict{String, Real}(""unique_cultures"" => 31, ""max_possible"" => 2048, ""diversity_ratio"" => 0.01513671875)",0.0,0.0,24,14,"Dict(""blue_proportion"" => 0.3684210526315789, ""red_proportion"" => 0.631578947368421)","Dict(:p25 => 11.25, :p75 => 38.25, :p50 => 22.0, :p90 => 65.0, :p99 => 70.88999999999999, :p95 => 66.875)",6.096517332478437,0,24
24,41,16,0,25,0.3759400174056635,"Dict(:p25 => 13.0, :p75 => 38.0, :p50 => 21.5, :p90 => 56.0, :p99 => 68.19999999999996, :p95 => 62.0)",4.661319789285408,15.75609756097561,0.329834629615646,3.3499271911255777,"Dict{String, Real}(""unique_cultures"" => 31, ""max_possible"" => 2048, ""diversity_ratio"" => 0.01513671875)",0.0,0.0,23,18,"Dict(""blue_proportion"" => 0.43902439024390244, ""red_proportion"" => 0.5609756097560976)","Dict(:p25 => 13.0, :p75 => 38.0, :p50 => 21.5, :p90 => 56.0, :p99 => 68.19999999999996, :p95 => 62.0)",4.661319789285408,0,25
25,42,19,0,27,0.34609741784037573,"Dict(:p25 => 14.125, :p75 => 36.75, :p50 => 22.5, :p90 => 56.00000000000006, :p99 => 70.12999999999997, :p95 => 61.95)",3.7886647051629945,15.166666666666666,0.37269193391642386,3.2257383413610654,"Dict{String, Real}(""unique_cultures"" => 29, ""max_possible"" => 2048, ""diversity_ratio"" => 0.01416015625)",0.0,0.0,25,17,"Dict(""blue_proportion"" => 0.40476190476190477, ""red_proportion"" => 0.5952380952380952)","Dict(:p25 => 14.125, :p75 => 36.75, :p50 => 22.5, :p90 => 56.00000000000006, :p99 => 70.12999999999997, :p95 => 61.95)",3.7886647051629945,0,27
26,45,22,0,27,0.3392830330330332,"Dict(:p25 => 14.5, :p75 => 32.5, :p50 => 22.5, :p90 => 51.80000000000001, :p99 => 72.35999999999997, :p95 => 62.59999999999998)",3.161390352392154,15.088888888888889,0.3929962362952055,3.150033529927937,"Dict{String, Real}(""unique_cultures"" => 29, ""max_possible"" => 2048, ""diversity_ratio"" => 0.01416015625)",0.0,0.0,27,18,"Dict(""blue_proportion"" => 0.4, ""red_proportion"" => 0.6)","Dict(:p25 => 14.5, :p75 => 32.5, :p50 => 22.5, :p90 => 51.80000000000001, :p99 => 72.35999999999997, :p95 => 62.59999999999998)",3.161390352392154,0,27
27,46,23,0,27,0.33127130856560383,"Dict(:p25 => 15.0, :p75 => 33.375, :p50 => 22.25, :p90 => 51.5, :p99 => 74.29999999999998, :p95 => 58.625)",3.3190502706415708,15.73913043478261,0.3822964208503483,3.2634284663219826,"Dict{String, Real}(""unique_cultures"" => 30, ""max_possible"" => 2048, ""diversity_ratio"" => 0.0146484375)",0.0,0.0,30,16,"Dict(""blue_proportion"" => 0.34782608695652173, ""red_proportion"" => 0.6521739130434783)","Dict(:p25 => 15.0, :p75 => 33.375, :p50 => 22.25, :p90 => 51.5, :p99 => 74.29999999999998, :p95 => 58.625)",3.3190502706415708,0,27
28,46,23,0,27,0.32789996272323685,"Dict(:p25 => 15.0, :p75 => 34.875, :p50 => 22.75, :p90 => 53.0, :p99 => 76.29999999999998, :p95 => 60.625)",3.312001908750425,16.73913043478261,0.35945793337097665,3.137388271024259,"Dict{String, Real}(""unique_cultures"" => 27, ""max_possible"" => 2048, ""diversity_ratio"" => 0.01318359375)",0.0,0.0,28,18,"Dict(""blue_proportion"" => 0.391304347826087, ""red_proportion"" => 0.6086956521739131)","Dict(:p25 => 15.0, :p75 => 34.875, :p50 => 22.75, :p90 => 53.0, :p99 => 76.29999999999998, :p95 => 60.625)",3.312001908750425,0,27
29,47,24,0,27,0.3315350114124276,"Dict(:p25 => 16.0, :p75 => 36.5, :p50 => 22.5, :p90 => 51.40000000000006, :p99 => 78.24, :p95 => 63.25000000000001)",3.38868016470509,17.361702127659573,0.35325406758448064,3.2030976142576644,"Dict{String, Real}(""unique_cultures"" => 29, ""max_possible"" => 2048, ""diversity_ratio"" => 0.01416015625)",0.0,0.0,31,16,"Dict(""blue_proportion"" => 0.3404255319148936, ""red_proportion"" => 0.6595744680851063)","Dict(:p25 => 16.0, :p75 => 36.5, :p50 => 22.5, :p90 => 51.40000000000006, :p99 => 78.24, :p95 => 63.25000000000001)",3.38868016470509,0,27
30,47,25,0,28,0.3154059734004204,"Dict(:p25 => 16.75, :p75 => 38.0, :p50 => 24.5, :p90 => 52.40000000000006, :p99 => 80.69999999999999, :p95 => 63.35)",3.4513826430112156,17.72340425531915,0.3533498505785293,3.19734066522471,"Dict{String, Real}(""unique_cultures"" => 28, ""max_possible"" => 2048, ""diversity_ratio"" => 0.013671875)",0.0,0.0,30,17,"Dict(""blue_proportion"" => 0.3617021276595745, ""red_proportion"" => 0.6382978723404256)","Dict(:p25 => 16.75, :p75 => 38.0, :p50 => 24.5, :p90 => 52.40000000000006, :p99 => 80.69999999999999, :p95 => 63.35)",3.4513826430112156,0,28
31,50,28,0,28,0.3242024965325936,"Dict(:p25 => 16.625, :p75 => 37.5, :p50 => 23.25, :p90 => 48.000000000000014, :p99 => 83.03999999999999, :p95 => 61.099999999999994)",3.6026554943258984,17.6,0.3744090909090909,3.246959813397261,"Dict{String, Real}(""unique_cultures"" => 31, ""max_possible"" => 2048, ""diversity_ratio"" => 0.01513671875)",0.0,0.0,37,13,"Dict(""blue_proportion"" => 0.26, ""red_proportion"" => 0.74)","Dict(:p25 => 16.625, :p75 => 37.5, :p50 => 23.25, :p90 => 48.000000000000014, :p99 => 83.03999999999999, :p95 => 61.099999999999994)",3.6026554943258984,0,28
32,53,31,0,28,0.3274213836477988,"Dict(:p25 => 16.5, :p75 => 39.0, :p50 => 23.5, :p90 => 47.800000000000004, :p99 => 79.09999999999997, :p95 => 62.599999999999994)",4.5357608710337445,17.547169811320753,0.3908297829174274,3.264066484302365,"Dict{String, Real}(""unique_cultures"" => 33, ""max_possible"" => 2048, ""diversity_ratio"" => 0.01611328125)",0.0,0.0,37,16,"Dict(""blue_proportion"" => 0.3018867924528302, ""red_proportion"" => 0.6981132075471698)","Dict(:p25 => 16.5, :p75 => 39.0, :p50 => 23.5, :p90 => 47.800000000000004, :p99 => 79.09999999999997, :p95 => 62.599999999999994)",4.5357608710337445,0,28
33,57,35,0,28,0.323358074673864,"Dict(:p25 => 16.5, :p75 => 35.5, :p50 => 24.0, :p90 => 46.400000000000006, :p99 => 74.91999999999996, :p95 => 56.00000000000002)",4.134810498423859,17.24561403508772,0.413985115382556,3.2814504467098824,"Dict{String, Real}(""unique_cultures"" => 34, ""max_possible"" => 2048, ""diversity_ratio"" => 0.0166015625)",0.0,0.0,34,23,"Dict(""blue_proportion"" => 0.40350877192982454, ""red_proportion"" => 0.5964912280701754)","Dict(:p25 => 16.5, :p75 => 35.5, :p50 => 24.0, :p90 => 46.400000000000006, :p99 => 74.91999999999996, :p95 => 56.00000000000002)",4.134810498423859,0,28
34,60,38,0,28,0.3291692307692309,"Dict(:p25 => 15.875, :p75 => 36.75, :p50 => 23.75, :p90 => 47.1, :p99 => 76.78999999999994, :p95 => 50.650000000000055)",4.954293284772193,17.333333333333332,0.42173076923076924,3.356439678531078,"Dict{String, Real}(""unique_cultures"" => 36, ""max_possible"" => 2048, ""diversity_ratio"" => 0.017578125)",0.0,0.0,37,23,"Dict(""blue_proportion"" => 0.38333333333333336, ""red_proportion"" => 0.6166666666666667)","Dict(:p25 => 15.875, :p75 => 36.75, :p50 => 23.75, :p90 => 47.1, :p99 => 76.78999999999994, :p95 => 50.650000000000055)",4.954293284772193,0,28
35,61,39,0,28,0.33332688176205316,"Dict(:p25 => 15.0, :p75 => 38.5, :p50 => 24.0, :p90 => 48.0, :p99 => 79.59999999999997, :p95 => 51.0)",4.544836199745675,18.0327868852459,0.40858420268256324,3.388763642058516,"Dict{String, Real}(""unique_cultures"" => 37, ""max_possible"" => 2048, ""diversity_ratio"" => 0.01806640625)",0.0,0.0,41,20,"Dict(""blue_proportion"" => 0.32786885245901637, ""red_proportion"" => 0.6721311475409836)","Dict(:p25 => 15.0, :p75 => 38.5, :p50 => 24.0, :p90 => 48.0, :p99 => 79.59999999999997, :p95 => 51.0)",4.544836199745675,0,28
36,62,40,0,28,0.33369053506988333,"Dict(:p25 => 15.125, :p75 => 37.875, :p50 => 25.0, :p90 => 48.900000000000006, :p99 => 80.58000000000001, :p95 => 53.95)",4.470344891518078,18.725806451612904,0.397002028284849,3.322478063513107,"Dict{String, Real}(""unique_cultures"" => 36, ""max_possible"" => 2048, ""diversity_ratio"" => 0.017578125)",0.0,0.0,42,20,"Dict(""blue_proportion"" => 0.3225806451612903, ""red_proportion"" => 0.6774193548387096)","Dict(:p25 => 15.125, :p75 => 37.875, :p50 => 25.0, :p90 => 48.900000000000006, :p99 => 80.58000000000001, :p95 => 53.95)",4.470344891518078,0,28
37,64,42,0,28,0.33703526517222526,"Dict(:p25 => 13.375, :p75 => 39.625, :p50 => 26.25, :p90 => 49.85, :p99 => 82.13999999999994, :p95 => 52.550000000000004)",4.804918780692157,19.109375,0.3963486304170074,3.258944279866507,"Dict{String, Real}(""unique_cultures"" => 35, ""max_possible"" => 2048, ""diversity_ratio"" => 0.01708984375)",0.0,0.0,44,20,"Dict(""blue_proportion"" => 0.3125, ""red_proportion"" => 0.6875)","Dict(:p25 => 13.375, :p75 => 39.625, :p50 => 26.25, :p90 => 49.85, :p99 => 82.13999999999994, :p95 => 52.550000000000004)",4.804918780692157,0,28
38,69,47,0,28,0.3517464453892927,"Dict(:p25 => 13.0, :p75 => 38.5, :p50 => 24.0, :p90 => 47.80000000000001, :p99 => 83.36000000000017, :p95 => 53.60000000000001)",4.313741234096835,18.652173913043477,0.42181007398398696,3.436224564400639,"Dict{String, Real}(""unique_cultures"" => 39, ""max_possible"" => 2048, ""diversity_ratio"" => 0.01904296875)",0.0,0.0,49,20,"Dict(""blue_proportion"" => 0.2898550724637681, ""red_proportion"" => 0.7101449275362319)","Dict(:p25 => 13.0, :p75 => 38.5, :p50 => 24.0, :p90 => 47.80000000000001, :p99 => 83.36000000000017, :p95 => 53.60000000000001)",4.313741234096835,0,28
39,70,48,0,28,0.34875369209711127,"Dict(:p25 => 13.125, :p75 => 39.875, :p50 => 25.0, :p90 => 47.95, :p99 => 85.44000000000005, :p95 => 55.55)",4.55492011449687,19.37142857142857,0.408912768647282,3.4182190768018295,"Dict{String, Real}(""unique_cultures"" => 38, ""max_possible"" => 2048, ""diversity_ratio"" => 0.0185546875)",0.0,0.0,53,17,"Dict(""blue_proportion"" => 0.24285714285714285, ""red_proportion"" => 0.7571428571428571)","Dict(:p25 => 13.125, :p75 => 39.875, :p50 => 25.0, :p90 => 47.95, :p99 => 85.44000000000005, :p95 => 55.55)",4.55492011449687,0,28
40,72,50,0,28,0.3539911996544649,"Dict(:p25 => 13.0, :p75 => 41.625, :p50 => 25.5, :p90 => 49.449999999999996, :p99 => 85.54000000000016, :p95 => 56.900000000000006)",4.55994851001557,19.805555555555557,0.4058165809568335,3.441345248552952,"Dict{String, Real}(""unique_cultures"" => 40, ""max_possible"" => 2048, ""diversity_ratio"" => 0.01953125)",0.0,0.0,55,17,"Dict(""blue_proportion"" => 0.2361111111111111, ""red_proportion"" => 0.7638888888888888)","Dict(:p25 => 13.0, :p75 => 41.625, :p50 => 25.5, :p90 => 49.449999999999996, :p99 => 85.54000000000016, :p95 => 56.900000000000006)",4.55994851001557,0,28
41,73,51,0,28,0.3558679879895359,"Dict(:p25 => 13.5, :p75 => 40.5, :p50 => 25.0, :p90 => 51.9, :p99 => 85.84000000000003, :p95 => 58.20000000000002)",4.28016252263678,20.52054794520548,0.3947180715840297,3.499661946764453,"Dict{String, Real}(""unique_cultures"" => 41, ""max_possible"" => 2048, ""diversity_ratio"" => 0.02001953125)",0.0,0.0,54,19,"Dict(""blue_proportion"" => 0.2602739726027397, ""red_proportion"" => 0.7397260273972602)","Dict(:p25 => 13.5, :p75 => 40.5, :p50 => 25.0, :p90 => 51.9, :p99 => 85.84000000000003, :p95 => 58.20000000000002)",4.28016252263678,0,28
42,74,53,0,29,0.3534685912070108,"Dict(:p25 => 13.375, :p75 => 41.0, :p50 => 25.25, :p90 => 54.550000000000004, :p99 => 86.1000000000003, :p95 => 60.400000000000034)",4.551870884247992,20.66216216216216,0.39530341328902474,3.33528960392031,"Dict{String, Real}(""unique_cultures"" => 36, ""max_possible"" => 2048, ""diversity_ratio"" => 0.017578125)",0.0,0.0,56,18,"Dict(""blue_proportion"" => 0.24324324324324326, ""red_proportion"" => 0.7567567567567568)","Dict(:p25 => 13.375, :p75 => 41.0, :p50 => 25.25, :p90 => 54.550000000000004, :p99 => 86.1000000000003, :p95 => 60.400000000000034)",4.551870884247992,0,29
43,80,60,0,30,0.3490643466841761,"Dict(:p25 => 13.75, :p75 => 37.375, :p50 => 24.125, :p90 => 52.79999999999998, :p99 => 80.19000000000031, :p95 => 61.249999999999986)",3.985916613175604,19.825,0.43284993694829765,3.210943560739504,"Dict{String, Real}(""unique_cultures"" => 37, ""max_possible"" => 2048, ""diversity_ratio"" => 0.01806640625)",0.0,0.0,60,20,"Dict(""blue_proportion"" => 0.25, ""red_proportion"" => 0.75)","Dict(:p25 => 13.75, :p75 => 37.375, :p50 => 24.125, :p90 => 52.79999999999998, :p99 => 80.19000000000031, :p95 => 61.249999999999986)",3.985916613175604,0,30
44,83,63,0,30,0.3555826503996209,"Dict(:p25 => 13.625, :p75 => 39.0, :p50 => 24.5, :p90 => 54.05, :p99 => 80.20000000000027, :p95 => 62.70000000000002)",3.533455591397382,20.072289156626507,0.43331549487264787,3.189214648019894,"Dict{String, Real}(""unique_cultures"" => 39, ""max_possible"" => 2048, ""diversity_ratio"" => 0.01904296875)",0.0,0.0,63,20,"Dict(""blue_proportion"" => 0.24096385542168675, ""red_proportion"" => 0.7590361445783133)","Dict(:p25 => 13.625, :p75 => 39.0, :p50 => 24.5, :p90 => 54.05, :p99 => 80.20000000000027, :p95 => 62.70000000000002)",3.533455591397382,0,30
45,88,68,0,30,0.3503215122608261,"Dict(:p25 => 14.375, :p75 => 38.625, :p50 => 22.75, :p90 => 52.2, :p99 => 79.3300000000004, :p95 => 59.95000000000002)",3.9948023442015126,19.875,0.44611856125578253,3.288153935915342,"Dict{String, Real}(""unique_cultures"" => 40, ""max_possible"" => 2048, ""diversity_ratio"" => 0.01953125)",0.0,0.0,62,26,"Dict(""blue_proportion"" => 0.29545454545454547, ""red_proportion"" => 0.7045454545454546)","Dict(:p25 => 14.375, :p75 => 38.625, :p50 => 22.75, :p90 => 52.2, :p99 => 79.3300000000004, :p95 => 59.95000000000002)",3.9948023442015126,0,30
46,90,70,0,30,0.3499902515110158,"Dict(:p25 => 14.75, :p75 => 37.75, :p50 => 22.5, :p90 => 53.824999999999996, :p99 => 79.72999999999998, :p95 => 60.64999999999999)",3.306056767454059,20.41111111111111,0.4375309986088429,3.240194117814973,"Dict{String, Real}(""unique_cultures"" => 42, ""max_possible"" => 2048, ""diversity_ratio"" => 0.0205078125)",0.0,0.0,66,24,"Dict(""blue_proportion"" => 0.26666666666666666, ""red_proportion"" => 0.7333333333333333)","Dict(:p25 => 14.75, :p75 => 37.75, :p50 => 22.5, :p90 => 53.824999999999996, :p99 => 79.72999999999998, :p95 => 60.64999999999999)",3.306056767454059,0,30
47,90,70,0,30,0.3465519040166929,"Dict(:p25 => 15.1875, :p75 => 38.75, :p50 => 23.75, :p90 => 55.8, :p99 => 80.83999999999997, :p95 => 61.64999999999999)",3.529960531229683,21.41111111111111,0.4170962347921352,3.274727847210429,"Dict{String, Real}(""unique_cultures"" => 42, ""max_possible"" => 2048, ""diversity_ratio"" => 0.0205078125)",0.0,0.0,64,26,"Dict(""blue_proportion"" => 0.28888888888888886, ""red_proportion"" => 0.7111111111111111)","Dict(:p25 => 15.1875, :p75 => 38.75, :p50 => 23.75, :p90 => 55.8, :p99 => 80.83999999999997, :p95 => 61.64999999999999)",3.529960531229683,0,30
48,92,72,0,30,0.35130332220933624,"Dict(:p25 => 15.625, :p75 => 39.25, :p50 => 24.5, :p90 => 56.99999999999997, :p99 => 81.05000000000015, :p95 => 62.35000000000001)",4.110810562934263,21.92391304347826,0.4115615097756029,3.3794079336721925,"Dict{String, Real}(""unique_cultures"" => 44, ""max_possible"" => 2048, ""diversity_ratio"" => 0.021484375)",0.0,0.0,63,29,"Dict(""blue_proportion"" => 0.31521739130434784, ""red_proportion"" => 0.6847826086956522)","Dict(:p25 => 15.625, :p75 => 39.25, :p50 => 24.5, :p90 => 56.99999999999997, :p99 => 81.05000000000015, :p95 => 62.35000000000001)",4.110810562934263,0,30
49,99,80,0,31,0.3597350276278284,"Dict(:p25 => 14.0, :p75 => 38.375, :p50 => 24.0, :p90 => 52.90000000000001, :p99 => 78.92000000000047, :p95 => 62.550000000000004)",4.422296708950885,20.80808080808081,0.44352260468765325,3.2350179841277336,"Dict{String, Real}(""unique_cultures"" => 40, ""max_possible"" => 2048, ""diversity_ratio"" => 0.01953125)",0.0,0.0,68,31,"Dict(""blue_proportion"" => 0.31313131313131315, ""red_proportion"" => 0.6868686868686869)","Dict(:p25 => 14.0, :p75 => 38.375, :p50 => 24.0, :p90 => 52.90000000000001, :p99 => 78.92000000000047, :p95 => 62.550000000000004)",4.422296708950885,0,31
50,105,86,0,31,0.37238175607795854,"Dict(:p25 => 12.5, :p75 => 38.75, :p50 => 23.5, :p90 => 53.599999999999994, :p99 => 79.96000000000001, :p95 => 64.19999999999999)",3.176365200285174,20.561904761904763,0.45614592293610356,3.262957596142554,"Dict{String, Real}(""unique_cultures"" => 43, ""max_possible"" => 2048, ""diversity_ratio"" => 0.02099609375)",0.0,0.0,68,37,"Dict(""blue_proportion"" => 0.3523809523809524, ""red_proportion"" => 0.6476190476190476)","Dict(:p25 => 12.5, :p75 => 38.75, :p50 => 23.5, :p90 => 53.599999999999994, :p99 => 79.96000000000001, :p95 => 64.19999999999999)",3.176365200285174,0,31
51,108,89,0,31,0.3735256004580658,"Dict(:p25 => 13.4375, :p75 => 38.4375, :p50 => 24.0, :p90 => 53.599999999999994, :p99 => 81.86000000000001, :p95 => 65.62500000000001)",3.306610174961696,20.962962962962962,0.45068544693102996,3.2848983538934777,"Dict{String, Real}(""unique_cultures"" => 42, ""max_possible"" => 2048, ""diversity_ratio"" => 0.0205078125)",0.0,0.0,67,41,"Dict(""blue_proportion"" => 0.37962962962962965, ""red_proportion"" => 0.6203703703703703)","Dict(:p25 => 13.4375, :p75 => 38.4375, :p50 => 24.0, :p90 => 53.599999999999994, :p99 => 81.86000000000001, :p95 => 65.62500000000001)",3.306610174961696,0,31
52,111,92,0,31,0.3675675675675676,"Dict(:p25 => 14.5, :p75 => 38.875, :p50 => 24.5, :p90 => 55.0, :p99 => 83.70000000000002, :p95 => 66.5)",3.3342152963756764,21.36936936936937,0.4455661394953132,3.3113498097833562,"Dict{String, Real}(""unique_cultures"" => 45, ""max_possible"" => 2048, ""diversity_ratio"" => 0.02197265625)",0.0,0.0,73,38,"Dict(""blue_proportion"" => 0.34234234234234234, ""red_proportion"" => 0.6576576576576577)","Dict(:p25 => 14.5, :p75 => 38.875, :p50 => 24.5, :p90 => 55.0, :p99 => 83.70000000000002, :p95 => 66.5)",3.3342152963756764,0,31
53,116,97,0,31,0.3737073565671807,"Dict(:p25 => 14.9375, :p75 => 38.0625, :p50 => 23.5, :p90 => 53.25, :p99 => 85.40000000000003, :p95 => 66.75)",3.114135917598706,21.405172413793103,0.45040412737650515,3.321382655864243,"Dict{String, Real}(""unique_cultures"" => 42, ""max_possible"" => 2048, ""diversity_ratio"" => 0.0205078125)",0.0,0.0,84,32,"Dict(""blue_proportion"" => 0.27586206896551724, ""red_proportion"" => 0.7241379310344828)","Dict(:p25 => 14.9375, :p75 => 38.0625, :p50 => 23.5, :p90 => 53.25, :p99 => 85.40000000000003, :p95 => 66.75)",3.114135917598706,0,31
54,120,101,0,31,0.37294835819425987,"Dict(:p25 => 14.0, :p75 => 37.8125, :p50 => 23.625, :p90 => 53.449999999999974, :p99 => 87.05000000000001, :p95 => 67.15000000000003)",3.0341635632179726,21.658333333333335,0.449291394125946,3.2120155232214946,"Dict{String, Real}(""unique_cultures"" => 41, ""max_possible"" => 2048, ""diversity_ratio"" => 0.02001953125)",0.0,0.0,82,38,"Dict(""blue_proportion"" => 0.31666666666666665, ""red_proportion"" => 0.6833333333333333)","Dict(:p25 => 14.0, :p75 => 37.8125, :p50 => 23.625, :p90 => 53.449999999999974, :p99 => 87.05000000000001, :p95 => 67.15000000000003)",3.0341635632179726,0,31
55,122,103,0,31,0.3748291617144077,"Dict(:p25 => 13.8125, :p75 => 37.0, :p50 => 24.0, :p90 => 54.62499999999997, :p99 => 87.16000000000003, :p95 => 67.92500000000001)",2.9289643314767653,22.28688524590164,0.4388154999125764,3.232001935535872,"Dict{String, Real}(""unique_cultures"" => 40, ""max_possible"" => 2048, ""diversity_ratio"" => 0.01953125)",0.0,0.0,89,33,"Dict(""blue_proportion"" => 0.27049180327868855, ""red_proportion"" => 0.7295081967213115)","Dict(:p25 => 13.8125, :p75 => 37.0, :p50 => 24.0, :p90 => 54.62499999999997, :p99 => 87.16000000000003, :p95 => 67.92500000000001)",2.9289643314767653,0,31
56,126,107,0,31,0.3735411718001189,"Dict(:p25 => 14.375, :p75 => 39.0, :p50 => 24.625, :p90 => 55.125, :p99 => 87.25, :p95 => 68.625)",2.810563383936273,22.547619047619047,0.43838520976852546,3.2259652036538524,"Dict{String, Real}(""unique_cultures"" => 41, ""max_possible"" => 2048, ""diversity_ratio"" => 0.02001953125)",0.0,0.0,87,39,"Dict(""blue_proportion"" => 0.30952380952380953, ""red_proportion"" => 0.6904761904761905)","Dict(:p25 => 14.375, :p75 => 39.0, :p50 => 24.625, :p90 => 55.125, :p99 => 87.25, :p95 => 68.625)",2.810563383936273,0,31
57,127,108,0,31,0.3716649411585917,"Dict(:p25 => 14.0, :p75 => 41.0, :p50 => 25.5, :p90 => 56.199999999999974, :p99 => 88.96000000000004, :p95 => 69.55000000000001)",2.9292733032559664,23.362204724409448,0.42433699832010374,3.2550541528725088,"Dict{String, Real}(""unique_cultures"" => 40, ""max_possible"" => 2048, ""diversity_ratio"" => 0.01953125)",0.0,0.0,89,38,"Dict(""blue_proportion"" => 0.2992125984251969, ""red_proportion"" => 0.7007874015748031)","Dict(:p25 => 14.0, :p75 => 41.0, :p50 => 25.5, :p90 => 56.199999999999974, :p99 => 88.96000000000004, :p95 => 69.55000000000001)",2.9292733032559664,0,31
58,128,110,0,32,0.368145167835346,"Dict(:p25 => 14.6875, :p75 => 41.5, :p50 => 26.125, :p90 => 57.89999999999999, :p99 => 90.65000000000002, :p95 => 68.97500000000001)",2.90355412951299,23.71875,0.4160851037549407,3.2042257979097597,"Dict{String, Real}(""unique_cultures"" => 39, ""max_possible"" => 2048, ""diversity_ratio"" => 0.01904296875)",0.0,0.0,96,32,"Dict(""blue_proportion"" => 0.25, ""red_proportion"" => 0.75)","Dict(:p25 => 14.6875, :p75 => 41.5, :p50 => 26.125, :p90 => 57.89999999999999, :p99 => 90.65000000000002, :p95 => 68.97500000000001)",2.90355412951299,0,32
59,131,113,0,32,0.3738917626761942,"Dict(:p25 => 14.75, :p75 => 40.25, :p50 => 25.5, :p90 => 59.0, :p99 => 90.79999999999995, :p95 => 70.25)",3.1919641737151836,24.15267175572519,0.4130099111184027,3.248597201813027,"Dict{String, Real}(""unique_cultures"" => 40, ""max_possible"" => 2048, ""diversity_ratio"" => 0.01953125)",0.0,0.0,108,23,"Dict(""blue_proportion"" => 0.17557251908396945, ""red_proportion"" => 0.8244274809160306)","Dict(:p25 => 14.75, :p75 => 40.25, :p50 => 25.5, :p90 => 59.0, :p99 => 90.79999999999995, :p95 => 70.25)",3.1919641737151836,0,32
60,131,117,4,32,0.38195603653618937,"Dict(:p25 => 14.5, :p75 => 42.0, :p50 => 25.0, :p90 => 62.0, :p99 => 92.49999999999994, :p95 => 72.75)",3.1506622087798655,23.3206106870229,0.4126535150735249,3.237829739181726,"Dict{String, Real}(""unique_cultures"" => 39, ""max_possible"" => 2048, ""diversity_ratio"" => 0.01904296875)",0.0,0.0,107,24,"Dict(""blue_proportion"" => 0.183206106870229, ""red_proportion"" => 0.816793893129771)","Dict(:p25 => 14.5, :p75 => 42.0, :p50 => 25.0, :p90 => 62.0, :p99 => 92.49999999999994, :p95 => 72.75)",3.1506622087798655,4,32
61,138,125,5,32,0.3880285292602923,"Dict(:p25 => 13.625, :p75 => 41.875, :p50 => 24.25, :p90 => 61.575, :p99 => 93.77999999999997, :p95 => 73.22500000000005)",2.783616591239088,22.644927536231883,0.4297762318840579,3.2610652015336505,"Dict{String, Real}(""unique_cultures"" => 43, ""max_possible"" => 2048, ""diversity_ratio"" => 0.02099609375)",0.0,0.0,111,27,"Dict(""blue_proportion"" => 0.1956521739130435, ""red_proportion"" => 0.8043478260869565)","Dict(:p25 => 13.625, :p75 => 41.875, :p50 => 24.25, :p90 => 61.575, :p99 => 93.77999999999997, :p95 => 73.22500000000005)",2.783616591239088,5,32
62,146,134,6,32,0.3971413071754426,"Dict(:p25 => 13.5, :p75 => 39.375, :p50 => 23.625, :p90 => 62.0, :p99 => 94.84999999999988, :p95 => 73.50000000000006)",3.00857263973412,21.924657534246574,0.44690015534529026,3.223472402529498,"Dict{String, Real}(""unique_cultures"" => 43, ""max_possible"" => 2048, ""diversity_ratio"" => 0.02099609375)",0.0,0.0,119,27,"Dict(""blue_proportion"" => 0.18493150684931506, ""red_proportion"" => 0.815068493150685)","Dict(:p25 => 13.5, :p75 => 39.375, :p50 => 23.625, :p90 => 62.0, :p99 => 94.84999999999988, :p95 => 73.50000000000006)",3.00857263973412,6,32
63,151,139,6,32,0.39660709527701,"Dict(:p25 => 13.6875, :p75 => 39.0, :p50 => 23.5, :p90 => 63.25, :p99 => 96.0, :p95 => 74.0)",2.754893175334139,22.165562913907284,0.44636592619267623,3.168754979402814,"Dict{String, Real}(""unique_cultures"" => 40, ""max_possible"" => 2048, ""diversity_ratio"" => 0.01953125)",0.0,0.0,116,35,"Dict(""blue_proportion"" => 0.23178807947019867, ""red_proportion"" => 0.7682119205298014)","Dict(:p25 => 13.6875, :p75 => 39.0, :p50 => 23.5, :p90 => 63.25, :p99 => 96.0, :p95 => 74.0)",2.754893175334139,6,32
64,155,143,6,32,0.3989179256839528,"Dict(:p25 => 13.75, :p75 => 39.25, :p50 => 23.0, :p90 => 62.3, :p99 => 96.21999999999986, :p95 => 76.0)",2.9097604237374757,22.56774193548387,0.4418819970858925,3.2249544105064265,"Dict{String, Real}(""unique_cultures"" => 40, ""max_possible"" => 2048, ""diversity_ratio"" => 0.01953125)",0.0,0.0,114,41,"Dict(""blue_proportion"" => 0.2645161290322581, ""red_proportion"" => 0.7354838709677419)","Dict(:p25 => 13.75, :p75 => 39.25, :p50 => 23.0, :p90 => 62.3, :p99 => 96.21999999999986, :p95 => 76.0)",2.9097604237374757,6,32
65,165,153,6,32,0.40974131559497406,"Dict(:p25 => 13.0, :p75 => 39.5, :p50 => 22.0, :p90 => 62.999999999999986, :p99 => 96.5199999999999, :p95 => 73.80000000000001)",2.753382991698979,22.13939393939394,0.4580942189483115,3.2377309423276985,"Dict{String, Real}(""unique_cultures"" => 40, ""max_possible"" => 2048, ""diversity_ratio"" => 0.01953125)",0.0,0.0,117,48,"Dict(""blue_proportion"" => 0.2909090909090909, ""red_proportion"" => 0.7090909090909091)","Dict(:p25 => 13.0, :p75 => 39.5, :p50 => 22.0, :p90 => 62.999999999999986, :p99 => 96.5199999999999, :p95 => 73.80000000000001)",2.753382991698979,6,32
66,174,162,6,32,0.40964114866596435,"Dict(:p25 => 12.8125, :p75 => 35.6875, :p50 => 20.125, :p90 => 61.14999999999995, :p99 => 96.88999999999987, :p95 => 74.35000000000002)",2.7723352559971004,21.942528735632184,0.46735066201838826,3.274860054587127,"Dict{String, Real}(""unique_cultures"" => 45, ""max_possible"" => 2048, ""diversity_ratio"" => 0.02197265625)",0.0,0.0,125,49,"Dict(""blue_proportion"" => 0.28160919540229884, ""red_proportion"" => 0.7183908045977011)","Dict(:p25 => 12.8125, :p75 => 35.6875, :p50 => 20.125, :p90 => 61.14999999999995, :p99 => 96.88999999999987, :p95 => 74.35000000000002)",2.7723352559971004,6,32
67,182,171,7,32,0.41290566751821367,"Dict(:p25 => 12.125, :p75 => 35.0, :p50 => 20.0, :p90 => 51.975, :p99 => 98.13999999999999, :p95 => 69.47500000000001)",2.4194917830028735,21.565934065934066,0.4733463988241058,3.2965184271684023,"Dict{String, Real}(""unique_cultures"" => 42, ""max_possible"" => 2048, ""diversity_ratio"" => 0.0205078125)",0.0,0.0,131,51,"Dict(""blue_proportion"" => 0.2802197802197802, ""red_proportion"" => 0.7197802197802198)","Dict(:p25 => 12.125, :p75 => 35.0, :p50 => 20.0, :p90 => 51.975, :p99 => 98.13999999999999, :p95 => 69.47500000000001)",2.4194917830028735,7,32
68,193,184,8,33,0.4112651948119799,"Dict(:p25 => 12.875, :p75 => 33.25, :p50 => 18.5, :p90 => 49.7, :p99 => 98.4799999999999, :p95 => 70.60000000000005)",2.5224827133857803,20.78238341968912,0.4896327844541499,3.3081857035930993,"Dict{String, Real}(""unique_cultures"" => 46, ""max_possible"" => 2048, ""diversity_ratio"" => 0.0224609375)",0.0,0.0,143,50,"Dict(""blue_proportion"" => 0.25906735751295334, ""red_proportion"" => 0.7409326424870466)","Dict(:p25 => 12.875, :p75 => 33.25, :p50 => 18.5, :p90 => 49.7, :p99 => 98.4799999999999, :p95 => 70.60000000000005)",2.5224827133857803,8,33
69,205,197,9,33,0.4106524405348091,"Dict(:p25 => 12.25, :p75 => 30.5, :p50 => 18.0, :p90 => 48.599999999999994, :p99 => 99.91999999999996, :p95 => 69.0)",2.5821448021978965,20.170731707317074,0.4998118382634855,3.204860415340436,"Dict{String, Real}(""unique_cultures"" => 40, ""max_possible"" => 2048, ""diversity_ratio"" => 0.01953125)",0.0,0.0,153,52,"Dict(""blue_proportion"" => 0.25365853658536586, ""red_proportion"" => 0.7463414634146341)","Dict(:p25 => 12.25, :p75 => 30.5, :p50 => 18.0, :p90 => 48.599999999999994, :p99 => 99.91999999999996, :p95 => 69.0)",2.5821448021978965,9,33
70,216,208,9,33,0.41180498216415473,"Dict(:p25 => 11.09375, :p75 => 27.5625, :p50 => 17.375, :p90 => 48.0, :p99 => 101.54999999999998, :p95 => 68.18750000000009)",2.589092147371454,20.09259259259259,0.5028780508619219,3.160607970972811,"Dict{String, Real}(""unique_cultures"" => 41, ""max_possible"" => 2048, ""diversity_ratio"" => 0.02001953125)",0.0,0.0,174,42,"Dict(""blue_proportion"" => 0.19444444444444445, ""red_proportion"" => 0.8055555555555556)","Dict(:p25 => 11.09375, :p75 => 27.5625, :p50 => 17.375, :p90 => 48.0, :p99 => 101.54999999999998, :p95 => 68.18750000000009)",2.589092147371454,9,33
71,227,219,9,33,0.4112669427018598,"Dict(:p25 => 11.3125, :p75 => 27.625, :p50 => 17.5, :p90 => 46.0, :p99 => 102.21999999999994, :p95 => 63.600000000000136)",2.3190407099131978,20.070484581497798,0.5042815206166626,3.078358903124481,"Dict{String, Real}(""unique_cultures"" => 41, ""max_possible"" => 2048, ""diversity_ratio"" => 0.02001953125)",0.0,0.0,186,41,"Dict(""blue_proportion"" => 0.18061674008810572, ""red_proportion"" => 0.8193832599118943)","Dict(:p25 => 11.3125, :p75 => 27.625, :p50 => 17.5, :p90 => 46.0, :p99 => 102.21999999999994, :p95 => 63.600000000000136)",2.3190407099131978,9,33
72,231,225,9,35,0.4084962278133466,"Dict(:p25 => 11.375, :p75 => 27.625, :p50 => 17.0, :p90 => 45.25, :p99 => 103.79999999999995, :p95 => 59.0)",2.3425657621282316,20.463203463203463,0.49572823340540717,2.9634346206903444,"Dict{String, Real}(""unique_cultures"" => 40, ""max_possible"" => 2048, ""diversity_ratio"" => 0.01953125)",0.0,0.0,194,37,"Dict(""blue_proportion"" => 0.16017316017316016, ""red_proportion"" => 0.8398268398268398)","Dict(:p25 => 11.375, :p75 => 27.625, :p50 => 17.0, :p90 => 45.25, :p99 => 103.79999999999995, :p95 => 59.0)",2.3425657621282316,9,35
73,233,230,9,38,0.4030210035957853,"Dict(:p25 => 11.5, :p75 => 28.0, :p50 => 17.5, :p90 => 43.7, :p99 => 104.71999999999991, :p95 => 59.85000000000001)",2.1927630022960063,20.686695278969957,0.48578170355991657,2.9378577244811694,"Dict{String, Real}(""unique_cultures"" => 38, ""max_possible"" => 2048, ""diversity_ratio"" => 0.0185546875)",0.0,0.0,204,29,"Dict(""blue_proportion"" => 0.12446351931330472, ""red_proportion"" => 0.8755364806866953)","Dict(:p25 => 11.5, :p75 => 28.0, :p50 => 17.5, :p90 => 43.7, :p99 => 104.71999999999991, :p95 => 59.85000000000001)",2.1927630022960063,9,38
74,233,235,10,42,0.39030948194870696,"Dict(:p25 => 12.25, :p75 => 28.75, :p50 => 18.25, :p90 => 44.45, :p99 => 106.39999999999989, :p95 => 60.85000000000001)",2.278746832908991,20.935622317596568,0.4771902225460023,2.79862300589702,"Dict{String, Real}(""unique_cultures"" => 35, ""max_possible"" => 2048, ""diversity_ratio"" => 0.01708984375)",0.0,0.0,210,23,"Dict(""blue_proportion"" => 0.09871244635193133, ""red_proportion"" => 0.9012875536480687)","Dict(:p25 => 12.25, :p75 => 28.75, :p50 => 18.25, :p90 => 44.45, :p99 => 106.39999999999989, :p95 => 60.85000000000001)",2.278746832908991,10,42
75,241,244,10,43,0.38549230636237897,"Dict(:p25 => 12.125, :p75 => 27.125, :p50 => 18.25, :p90 => 43.75, :p99 => 107.59999999999997, :p95 => 55.75000000000017)",2.120965557537719,20.975103734439834,0.47574440490701875,2.8011316127999053,"Dict{String, Real}(""unique_cultures"" => 34, ""max_possible"" => 2048, ""diversity_ratio"" => 0.0166015625)",0.0,0.0,216,25,"Dict(""blue_proportion"" => 0.1037344398340249, ""red_proportion"" => 0.8962655601659751)","Dict(:p25 => 12.125, :p75 => 27.125, :p50 => 18.25, :p90 => 43.75, :p99 => 107.59999999999997, :p95 => 55.75000000000017)",2.120965557537719,10,43
76,252,256,11,43,0.3803068243360188,"Dict(:p25 => 12.0, :p75 => 26.53125, :p50 => 17.3125, :p90 => 41.475, :p99 => 97.93999999999988, :p95 => 55.862500000000004)",2.3236629776495468,20.714285714285715,0.47831752113361303,2.7701690079393875,"Dict{String, Real}(""unique_cultures"" => 36, ""max_possible"" => 2048, ""diversity_ratio"" => 0.017578125)",0.0,0.0,227,25,"Dict(""blue_proportion"" => 0.0992063492063492, ""red_proportion"" => 0.9007936507936508)","Dict(:p25 => 12.0, :p75 => 26.53125, :p50 => 17.3125, :p90 => 41.475, :p99 => 97.93999999999988, :p95 => 55.862500000000004)",2.3236629776495468,11,43
77,256,260,11,43,0.37921059601402507,"Dict(:p25 => 12.125, :p75 => 27.40625, :p50 => 17.4375, :p90 => 43.0625, :p99 => 98.69999999999993, :p95 => 55.50000000000006)",2.300388665081458,21.375,0.4647852133589181,2.8567916372756357,"Dict{String, Real}(""unique_cultures"" => 37, ""max_possible"" => 2048, ""diversity_ratio"" => 0.01806640625)",0.0,0.0,232,24,"Dict(""blue_proportion"" => 0.09375, ""red_proportion"" => 0.90625)","Dict(:p25 => 12.125, :p75 => 27.40625, :p50 => 17.4375, :p90 => 43.0625, :p99 => 98.69999999999993, :p95 => 55.50000000000006)",2.300388665081458,11,43
78,266,272,11,45,0.3743721716506294,"Dict(:p25 => 12.125, :p75 => 26.75, :p50 => 16.8125, :p90 => 42.125, :p99 => 95.0499999999999, :p95 => 53.562500000000135)",2.2982935127241513,21.30827067669173,0.4699646080621456,2.6741642569672917,"Dict{String, Real}(""unique_cultures"" => 33, ""max_possible"" => 2048, ""diversity_ratio"" => 0.01611328125)",0.0,0.0,250,16,"Dict(""blue_proportion"" => 0.06015037593984962, ""red_proportion"" => 0.9398496240601504)","Dict(:p25 => 12.125, :p75 => 26.75, :p50 => 16.8125, :p90 => 42.125, :p99 => 95.0499999999999, :p95 => 53.562500000000135)",2.2982935127241513,11,45
79,273,279,11,45,0.3766674521208133,"Dict(:p25 => 12.0, :p75 => 27.0, :p50 => 16.75, :p90 => 42.0, :p99 => 95.83999999999992, :p95 => 52.300000000000196)",2.348769945754015,21.736263736263737,0.46302860155236303,2.7955620130643295,"Dict{String, Real}(""unique_cultures"" => 40, ""max_possible"" => 2048, ""diversity_ratio"" => 0.01953125)",0.0,0.0,251,22,"Dict(""blue_proportion"" => 0.08058608058608059, ""red_proportion"" => 0.9194139194139194)","Dict(:p25 => 12.0, :p75 => 27.0, :p50 => 16.75, :p90 => 42.0, :p99 => 95.83999999999992, :p95 => 52.300000000000196)",2.348769945754015,11,45
80,280,288,12,46,0.3783183761857538,"Dict(:p25 => 11.75, :p75 => 27.125, :p50 => 16.75, :p90 => 42.0, :p99 => 90.30999999999977, :p95 => 50.287500000000065)",2.4614726810633196,21.785714285714285,0.4607412177985948,2.785748766801558,"Dict{String, Real}(""unique_cultures"" => 39, ""max_possible"" => 2048, ""diversity_ratio"" => 0.01904296875)",0.0,0.0,259,21,"Dict(""blue_proportion"" => 0.075, ""red_proportion"" => 0.925)","Dict(:p25 => 11.75, :p75 => 27.125, :p50 => 16.75, :p90 => 42.0, :p99 => 90.30999999999977, :p95 => 50.287500000000065)",2.4614726810633196,12,46
81,290,299,12,47,0.38419294118614444,"Dict(:p25 => 10.875, :p75 => 26.6875, :p50 => 16.5, :p90 => 41.53750000000004, :p99 => 88.54000000000019, :p95 => 50.275000000000006)",2.4361649604118343,21.848275862068967,0.46231713688610254,2.7054488386016082,"Dict{String, Real}(""unique_cultures"" => 38, ""max_possible"" => 2048, ""diversity_ratio"" => 0.0185546875)",0.0,0.0,268,22,"Dict(""blue_proportion"" => 0.07586206896551724, ""red_proportion"" => 0.9241379310344827)","Dict(:p25 => 10.875, :p75 => 26.6875, :p50 => 16.5, :p90 => 41.53750000000004, :p99 => 88.54000000000019, :p95 => 50.275000000000006)",2.4361649604118343,12,47
82,295,306,13,48,0.38092175614190826,"Dict(:p25 => 11.0, :p75 => 27.5, :p50 => 16.5, :p90 => 40.35000000000005, :p99 => 88.84000000000003, :p95 => 51.150000000000006)",2.404750347459681,21.97966101694915,0.45305053377806126,2.569202710551842,"Dict{String, Real}(""unique_cultures"" => 34, ""max_possible"" => 2048, ""diversity_ratio"" => 0.0166015625)",0.0,0.0,274,21,"Dict(""blue_proportion"" => 0.0711864406779661, ""red_proportion"" => 0.9288135593220339)","Dict(:p25 => 11.0, :p75 => 27.5, :p50 => 16.5, :p90 => 40.35000000000005, :p99 => 88.84000000000003, :p95 => 51.150000000000006)",2.404750347459681,13,48
83,308,320,14,48,0.3900785584745954,"Dict(:p25 => 10.09375, :p75 => 26.5625, :p50 => 15.9375, :p90 => 38.0, :p99 => 88.86000000000001, :p95 => 51.01875000000005)",2.4544230985971778,21.74025974025974,0.45705906996229584,2.581253408584529,"Dict{String, Real}(""unique_cultures"" => 32, ""max_possible"" => 2048, ""diversity_ratio"" => 0.015625)",0.0,0.0,283,25,"Dict(""blue_proportion"" => 0.08116883116883117, ""red_proportion"" => 0.9188311688311688)","Dict(:p25 => 10.09375, :p75 => 26.5625, :p50 => 15.9375, :p90 => 38.0, :p99 => 88.86000000000001, :p95 => 51.01875000000005)",2.4544230985971778,14,48
84,316,332,16,50,0.38869385015976987,"Dict(:p25 => 10.0, :p75 => 27.0, :p50 => 15.75, :p90 => 37.75000000000006, :p99 => 89.69999999999993, :p95 => 52.21875000000002)",2.574834484141439,21.588607594936708,0.4588088054655637,2.512818096690338,"Dict{String, Real}(""unique_cultures"" => 32, ""max_possible"" => 2048, ""diversity_ratio"" => 0.015625)",0.0,0.0,295,21,"Dict(""blue_proportion"" => 0.06645569620253164, ""red_proportion"" => 0.9335443037974683)","Dict(:p25 => 10.0, :p75 => 27.0, :p50 => 15.75, :p90 => 37.75000000000006, :p99 => 89.69999999999993, :p95 => 52.21875000000002)",2.574834484141439,16,50
85,321,340,17,52,0.38536995137836216,"Dict(:p25 => 10.125, :p75 => 27.0, :p50 => 15.75, :p90 => 36.37500000000002, :p99 => 90.40000000000003, :p95 => 53.50000000000006)",2.6392885407099524,21.847352024922117,0.4537172398567326,2.437665461221676,"Dict{String, Real}(""unique_cultures"" => 26, ""max_possible"" => 2048, ""diversity_ratio"" => 0.0126953125)",0.0,0.0,312,9,"Dict(""blue_proportion"" => 0.028037383177570093, ""red_proportion"" => 0.9719626168224299)","Dict(:p25 => 10.125, :p75 => 27.0, :p50 => 15.75, :p90 => 36.37500000000002, :p99 => 90.40000000000003, :p95 => 53.50000000000006)",2.6392885407099524,17,52
86,328,349,19,52,0.39664921798575037,"Dict(:p25 => 9.75, :p75 => 27.5625, :p50 => 16.0625, :p90 => 37.45000000000002, :p99 => 90.45999999999992, :p95 => 50.91250000000001)",2.7907652993760452,21.98780487804878,0.448552886111224,2.357220444188387,"Dict{String, Real}(""unique_cultures"" => 29, ""max_possible"" => 2048, ""diversity_ratio"" => 0.01416015625)",0.0,0.0,314,14,"Dict(""blue_proportion"" => 0.042682926829268296, ""red_proportion"" => 0.9573170731707317)","Dict(:p25 => 9.75, :p75 => 27.5625, :p50 => 16.0625, :p90 => 37.45000000000002, :p99 => 90.45999999999992, :p95 => 50.91250000000001)",2.7907652993760452,19,52
87,341,365,20,54,0.3987246616262696,"Dict(:p25 => 9.375, :p75 => 26.25, :p50 => 15.5, :p90 => 36.25000000000003, :p99 => 91.19999999999993, :p95 => 49.00000000000006)",2.576805316416362,21.868035190615835,0.4550413573500778,2.3243171370892695,"Dict{String, Real}(""unique_cultures"" => 27, ""max_possible"" => 2048, ""diversity_ratio"" => 0.01318359375)",0.0,0.0,326,15,"Dict(""blue_proportion"" => 0.04398826979472141, ""red_proportion"" => 0.9560117302052786)","Dict(:p25 => 9.375, :p75 => 26.25, :p50 => 15.5, :p90 => 36.25000000000003, :p99 => 91.19999999999993, :p95 => 49.00000000000006)",2.576805316416362,20,54
88,356,383,22,55,0.39233527674489843,"Dict(:p25 => 9.125, :p75 => 24.59375, :p50 => 14.96875, :p90 => 35.25, :p99 => 91.89999999999998, :p95 => 48.500000000000114)",2.84816447897409,21.235955056179776,0.45889958979846623,2.3022243229461203,"Dict{String, Real}(""unique_cultures"" => 28, ""max_possible"" => 2048, ""diversity_ratio"" => 0.013671875)",0.0,0.0,342,14,"Dict(""blue_proportion"" => 0.03932584269662921, ""red_proportion"" => 0.9606741573033708)","Dict(:p25 => 9.125, :p75 => 24.59375, :p50 => 14.96875, :p90 => 35.25, :p99 => 91.89999999999998, :p95 => 48.500000000000114)",2.84816447897409,22,55
89,369,397,23,55,0.4039953045620279,"Dict(:p25 => 8.6875, :p75 => 24.75, :p50 => 14.6875, :p90 => 35.900000000000006, :p99 => 97.43999999999993, :p95 => 47.150000000000006)",2.683236055790854,21.211382113821138,0.4573405309880365,2.29516310554419,"Dict{String, Real}(""unique_cultures"" => 24, ""max_possible"" => 2048, ""diversity_ratio"" => 0.01171875)",0.0,0.0,359,10,"Dict(""blue_proportion"" => 0.02710027100271003, ""red_proportion"" => 0.9728997289972899)","Dict(:p25 => 8.6875, :p75 => 24.75, :p50 => 14.6875, :p90 => 35.900000000000006, :p99 => 97.43999999999993, :p95 => 47.150000000000006)",2.683236055790854,23,55
90,378,410,24,58,0.40029855210777954,"Dict(:p25 => 9.0, :p75 => 24.75, :p50 => 14.5, :p90 => 35.400000000000006, :p99 => 97.01249999999966, :p95 => 47.03750000000001)",2.5071859602236803,21.24867724867725,0.4540949956786611,2.1711440303019396,"Dict{String, Real}(""unique_cultures"" => 23, ""max_possible"" => 2048, ""diversity_ratio"" => 0.01123046875)",0.0,0.0,370,8,"Dict(""blue_proportion"" => 0.021164021164021163, ""red_proportion"" => 0.9788359788359788)","Dict(:p25 => 9.0, :p75 => 24.75, :p50 => 14.5, :p90 => 35.400000000000006, :p99 => 97.01249999999966, :p95 => 47.03750000000001)",2.5071859602236803,24,58
91,391,426,26,59,0.39917752308324705,"Dict(:p25 => 8.65625, :p75 => 22.875, :p50 => 14.375, :p90 => 34.5, :p99 => 95.8749999999997, :p95 => 46.62500000000004)",2.385525329019444,21.145780051150894,0.45675002505577234,2.0153922214207394,"Dict{String, Real}(""unique_cultures"" => 19, ""max_possible"" => 2048, ""diversity_ratio"" => 0.00927734375)",0.0,0.0,384,7,"Dict(""blue_proportion"" => 0.017902813299232736, ""red_proportion"" => 0.9820971867007673)","Dict(:p25 => 8.65625, :p75 => 22.875, :p50 => 14.375, :p90 => 34.5, :p99 => 95.8749999999997, :p95 => 46.62500000000004)",2.385525329019444,26,59
92,397,435,28,60,0.401794018962635,"Dict(:p25 => 8.6875, :p75 => 23.375, :p50 => 14.0, :p90 => 33.70000000000002, :p99 => 95.34999999999968, :p95 => 45.05000000000007)",2.493992654595979,21.309823677581864,0.44647265841327677,2.037401136255708,"Dict{String, Real}(""unique_cultures"" => 20, ""max_possible"" => 2048, ""diversity_ratio"" => 0.009765625)",0.0,0.0,395,2,"Dict(""blue_proportion"" => 0.005037783375314861, ""red_proportion"" => 0.9949622166246851)","Dict(:p25 => 8.6875, :p75 => 23.375, :p50 => 14.0, :p90 => 33.70000000000002, :p99 => 95.34999999999968, :p95 => 45.05000000000007)",2.493992654595979,28,60
93,409,451,32,60,0.4030553946206883,"Dict(:p25 => 8.375, :p75 => 22.75, :p50 => 13.75, :p90 => 34.700000000000045, :p99 => 82.4699999999996, :p95 => 46.05000000000001)",2.436148037181688,20.90709046454768,0.44312351119802096,2.013330114936974,"Dict{String, Real}(""unique_cultures"" => 20, ""max_possible"" => 2048, ""diversity_ratio"" => 0.009765625)",0.0,0.0,402,7,"Dict(""blue_proportion"" => 0.017114914425427872, ""red_proportion"" => 0.9828850855745721)","Dict(:p25 => 8.375, :p75 => 22.75, :p50 => 13.75, :p90 => 34.700000000000045, :p99 => 82.4699999999996, :p95 => 46.05000000000001)",2.436148037181688,32,60
94,419,464,33,62,0.40235177284004586,"Dict(:p25 => 8.125, :p75 => 22.4375, :p50 => 13.625, :p90 => 34.60000000000002, :p99 => 82.31499999999993, :p95 => 44.775000000000006)",2.397013379885469,21.085918854415276,0.4410231059209344,1.8928024032548167,"Dict{String, Real}(""unique_cultures"" => 17, ""max_possible"" => 2048, ""diversity_ratio"" => 0.00830078125)",0.0,0.0,414,5,"Dict(""blue_proportion"" => 0.011933174224343675, ""red_proportion"" => 0.9880668257756563)","Dict(:p25 => 8.125, :p75 => 22.4375, :p50 => 13.625, :p90 => 34.60000000000002, :p99 => 82.31499999999993, :p95 => 44.775000000000006)",2.397013379885469,33,62
95,429,476,33,64,0.4034323229780836,"Dict(:p25 => 8.0625, :p75 => 22.0, :p50 => 13.75, :p90 => 35.07500000000002, :p99 => 81.51999999999971, :p95 => 44.60000000000002)",2.3755517958138013,21.42191142191142,0.43814574978884013,1.8351491173502532,"Dict{String, Real}(""unique_cultures"" => 17, ""max_possible"" => 2048, ""diversity_ratio"" => 0.00830078125)",0.0,0.0,424,5,"Dict(""blue_proportion"" => 0.011655011655011656, ""red_proportion"" => 0.9883449883449883)","Dict(:p25 => 8.0625, :p75 => 22.0, :p50 => 13.75, :p90 => 35.07500000000002, :p99 => 81.51999999999971, :p95 => 44.60000000000002)",2.3755517958138013,33,64
96,437,484,33,64,0.4077450941269878,"Dict(:p25 => 7.875, :p75 => 22.0, :p50 => 14.0, :p90 => 35.5, :p99 => 81.73999999999987, :p95 => 44.00000000000006)",2.243191982607868,22.011441647597255,0.42924817705613627,1.7092474079576043,"Dict{String, Real}(""unique_cultures"" => 14, ""max_possible"" => 2048, ""diversity_ratio"" => 0.0068359375)",0.0,0.0,435,2,"Dict(""blue_proportion"" => 0.004576659038901602, ""red_proportion"" => 0.9954233409610984)","Dict(:p25 => 7.875, :p75 => 22.0, :p50 => 14.0, :p90 => 35.5, :p99 => 81.73999999999987, :p95 => 44.00000000000006)",2.243191982607868,33,64
97,450,497,33,64,0.40891226790335766,"Dict(:p25 => 7.625, :p75 => 21.953125, :p50 => 13.5, :p90 => 36.0, :p99 => 80.9824999999999, :p95 => 43.88750000000002)",2.3240528538879612,22.346666666666668,0.42762176257402995,1.6077425659184053,"Dict{String, Real}(""unique_cultures"" => 18, ""max_possible"" => 2048, ""diversity_ratio"" => 0.0087890625)",0.0,0.0,448,2,"Dict(""blue_proportion"" => 0.0044444444444444444, ""red_proportion"" => 0.9955555555555555)","Dict(:p25 => 7.625, :p75 => 21.953125, :p50 => 13.5, :p90 => 36.0, :p99 => 80.9824999999999, :p95 => 43.88750000000002)",2.3240528538879612,33,64
98,467,517,36,64,0.4009202848225166,"Dict(:p25 => 7.5625, :p75 => 21.1875, :p50 => 13.8125, :p90 => 30.85000000000001, :p99 => 80.15499999999973, :p95 => 42.75)",2.4000173068046706,22.11134903640257,0.43362983442141645,1.5378460116705839,"Dict{String, Real}(""unique_cultures"" => 17, ""max_possible"" => 2048, ""diversity_ratio"" => 0.00830078125)",0.0,0.0,466,1,"Dict(""blue_proportion"" => 0.0021413276231263384, ""red_proportion"" => 0.9978586723768736)","Dict(:p25 => 7.5625, :p75 => 21.1875, :p50 => 13.8125, :p90 => 30.85000000000001, :p99 => 80.15499999999973, :p95 => 42.75)",2.4000173068046706,36,64
99,484,534,36,64,0.39752583806112995,"Dict(:p25 => 7.625, :p75 => 21.03125, :p50 => 13.46875, :p90 => 30.137500000000017, :p99 => 79.32749999999956, :p95 => 40.428125)",2.4792228530634453,22.299586776859503,0.4354193833928175,1.3953967819562487,"Dict{String, Real}(""unique_cultures"" => 16, ""max_possible"" => 2048, ""diversity_ratio"" => 0.0078125)",0.0,0.0,481,3,"Dict(""blue_proportion"" => 0.006198347107438017, ""red_proportion"" => 0.993801652892562)","Dict(:p25 => 7.625, :p75 => 21.03125, :p50 => 13.46875, :p90 => 30.137500000000017, :p99 => 79.32749999999956, :p95 => 40.428125)",2.4792228530634453,36,64
100,491,542,36,65,0.40182107340781004,"Dict(:p25 => 7.625, :p75 => 21.0, :p50 => 13.375, :p90 => 30.75, :p99 => 79.57499999999963, :p95 => 41.18750000000002)",2.4720492135938916,22.920570264765786,0.4266724625994036,1.360177111879047,"Dict{String, Real}(""unique_cultures"" => 16, ""max_possible"" => 2048, ""diversity_ratio"" => 0.0078125)",0.0,0.0,489,2,"Dict(""blue_proportion"" => 0.004073319755600814, ""red_proportion"" => 0.9959266802443992)","Dict(:p25 => 7.625, :p75 => 21.0, :p50 => 13.375, :p90 => 30.75, :p99 => 79.57499999999963, :p95 => 41.18750000000002)",2.4720492135938916,36,65
101,503,556,36,67,0.4025227800613871,"Dict(:p25 => 7.25, :p75 => 20.5625, :p50 => 13.375, :p90 => 28.975, :p99 => 79.3999999999998, :p95 => 38.18125)",2.6027036633121026,23.21272365805169,0.4263047954138819,1.2198143693412282,"Dict{String, Real}(""unique_cultures"" => 13, ""max_possible"" => 2048, ""diversity_ratio"" => 0.00634765625)",0.0,0.0,501,2,"Dict(""blue_proportion"" => 0.003976143141153081, ""red_proportion"" => 0.9960238568588469)","Dict(:p25 => 7.25, :p75 => 20.5625, :p50 => 13.375, :p90 => 28.975, :p99 => 79.3999999999998, :p95 => 38.18125)",2.6027036633121026,36,67
102,517,571,36,68,0.40351142878764934,"Dict(:p25 => 7.25, :p75 => 20.6875, :p50 => 13.1875, :p90 => 27.887500000000006, :p99 => 78.8599999999999, :p95 => 37.02500000000006)",2.553779348263915,23.456479690522244,0.42595362841902573,1.1606590725734438,"Dict{String, Real}(""unique_cultures"" => 13, ""max_possible"" => 2048, ""diversity_ratio"" => 0.00634765625)",0.0,0.0,515,2,"Dict(""blue_proportion"" => 0.0038684719535783366, ""red_proportion"" => 0.9961315280464217)","Dict(:p25 => 7.25, :p75 => 20.6875, :p50 => 13.1875, :p90 => 27.887500000000006, :p99 => 78.8599999999999, :p95 => 37.02500000000006)",2.553779348263915,36,68
103,515,576,38,73,0.39789585558899243,"Dict(:p25 => 7.25, :p75 => 21.5, :p50 => 14.1875, :p90 => 28.950000000000003, :p99 => 74.31000000000012, :p95 => 37.862500000000026)",2.6897152230708157,23.937864077669904,0.4152614932933474,1.1072700274361094,"Dict{String, Real}(""unique_cultures"" => 13, ""max_possible"" => 2048, ""diversity_ratio"" => 0.00634765625)",0.0,0.0,514,1,"Dict(""blue_proportion"" => 0.001941747572815534, ""red_proportion"" => 0.9980582524271845)","Dict(:p25 => 7.25, :p75 => 21.5, :p50 => 14.1875, :p90 => 28.950000000000003, :p99 => 74.31000000000012, :p95 => 37.862500000000026)",2.6897152230708157,38,73
104,521,586,39,76,0.39722528517204214,"Dict(:p25 => 7.25, :p75 => 21.125, :p50 => 14.125, :p90 => 28.750000000000004, :p99 => 74.67499999999959, :p95 => 36.00000000000004)",2.853237132183093,24.303262955854127,0.4109480480383063,1.0365413846632168,"Dict{String, Real}(""unique_cultures"" => 11, ""max_possible"" => 2048, ""diversity_ratio"" => 0.00537109375)",0.0,0.0,520,1,"Dict(""blue_proportion"" => 0.0019193857965451055, ""red_proportion"" => 0.9980806142034548)","Dict(:p25 => 7.25, :p75 => 21.125, :p50 => 14.125, :p90 => 28.750000000000004, :p99 => 74.67499999999959, :p95 => 36.00000000000004)",2.853237132183093,39,76
105,527,599,42,80,0.3919120374913585,"Dict(:p25 => 7.1875, :p75 => 21.28125, :p50 => 14.125, :p90 => 28.25, :p99 => 67.23750000000004, :p95 => 36.0)",2.9615634024740767,24.428842504743834,0.4091623409375176,0.9379733591340589,"Dict{String, Real}(""unique_cultures"" => 10, ""max_possible"" => 2048, ""diversity_ratio"" => 0.0048828125)",0.0,0.0,526,1,"Dict(""blue_proportion"" => 0.0018975332068311196, ""red_proportion"" => 0.9981024667931688)","Dict(:p25 => 7.1875, :p75 => 21.28125, :p50 => 14.125, :p90 => 28.25, :p99 => 67.23750000000004, :p95 => 36.0)",2.9615634024740767,42,80
106,539,614,42,83,0.39032783866987897,"Dict(:p25 => 7.125, :p75 => 20.28125, :p50 => 14.125, :p90 => 28.137500000000003, :p99 => 67.33250000000002, :p95 => 36.30000000000001)",2.921058004907943,24.710575139146567,0.4107293819520177,0.8331677498559937,"Dict{String, Real}(""unique_cultures"" => 8, ""max_possible"" => 2048, ""diversity_ratio"" => 0.00390625)",0.0,0.0,538,1,"Dict(""blue_proportion"" => 0.0018552875695732839, ""red_proportion"" => 0.9981447124304267)","Dict(:p25 => 7.125, :p75 => 20.28125, :p50 => 14.125, :p90 => 28.137500000000003, :p99 => 67.33250000000002, :p95 => 36.30000000000001)",2.921058004907943,42,83
107,552,633,43,88,0.3897782848440159,"Dict(:p25 => 6.859375, :p75 => 20.0, :p50 => 13.9375, :p90 => 27.056250000000002, :p99 => 67.12375000000006, :p95 => 33.981250000000074)",2.7025375753050516,24.742753623188406,0.41666878890324943,0.6366049975075688,"Dict{String, Real}(""unique_cultures"" => 7, ""max_possible"" => 2048, ""diversity_ratio"" => 0.00341796875)",0.0,0.0,551,1,"Dict(""blue_proportion"" => 0.0018115942028985507, ""red_proportion"" => 0.9981884057971014)","Dict(:p25 => 6.859375, :p75 => 20.0, :p50 => 13.9375, :p90 => 27.056250000000002, :p99 => 67.12375000000006, :p95 => 33.981250000000074)",2.7025375753050516,43,88
108,560,648,46,92,0.3818938341744389,"Dict(:p25 => 6.96875, :p75 => 20.0, :p50 => 14.0, :p90 => 26.44375, :p99 => 67.17124999999977, :p95 => 33.06249999999994)",2.864279375480742,24.65714285714286,0.41480327139546436,0.6042017897167865,"Dict{String, Real}(""unique_cultures"" => 5, ""max_possible"" => 2048, ""diversity_ratio"" => 0.00244140625)",0.0,0.0,559,1,"Dict(""blue_proportion"" => 0.0017857142857142857, ""red_proportion"" => 0.9982142857142857)","Dict(:p25 => 6.96875, :p75 => 20.0, :p50 => 14.0, :p90 => 26.44375, :p99 => 67.17124999999977, :p95 => 33.06249999999994)",2.864279375480742,46,92
109,565,661,50,96,0.3760626206629045,"Dict(:p25 => 7.4375, :p75 => 19.5, :p50 => 14.1875, :p90 => 25.975, :p99 => 67.17500000000011, :p95 => 32.724999999999994)",2.9010270671769884,24.68849557522124,0.4128135553219472,0.6322754134941354,"Dict{String, Real}(""unique_cultures"" => 4, ""max_possible"" => 2048, ""diversity_ratio"" => 0.001953125)",0.0,0.0,564,1,"Dict(""blue_proportion"" => 0.0017699115044247787, ""red_proportion"" => 0.9982300884955753)","Dict(:p25 => 7.4375, :p75 => 19.5, :p50 => 14.1875, :p90 => 25.975, :p99 => 67.17500000000011, :p95 => 32.724999999999994)",2.9010270671769884,50,96
110,569,671,52,100,0.371039006637192,"Dict(:p25 => 7.5, :p75 => 19.5, :p50 => 14.6875, :p90 => 26.0, :p99 => 64.48999999999995, :p95 => 33.575)",2.860068626513338,25.047451669595784,0.40754197480747,0.5837011490002205,"Dict{String, Real}(""unique_cultures"" => 3, ""max_possible"" => 2048, ""diversity_ratio"" => 0.00146484375)",0.0,0.0,568,1,"Dict(""blue_proportion"" => 0.0017574692442882249, ""red_proportion"" => 0.9982425307557118)","Dict(:p25 => 7.5, :p75 => 19.5, :p50 => 14.6875, :p90 => 26.0, :p99 => 64.48999999999995, :p95 => 33.575)",2.860068626513338,52,100
111,574,681,53,104,0.37026454881629145,"Dict(:p25 => 7.453125, :p75 => 19.375, :p50 => 14.875, :p90 => 25.5, :p99 => 64.45249999999999, :p95 => 33.218750000000014)",2.887563270617813,25.449477351916375,0.4032402177604939,0.6040027999252827,"Dict{String, Real}(""unique_cultures"" => 3, ""max_possible"" => 2048, ""diversity_ratio"" => 0.00146484375)",0.0,0.0,573,1,"Dict(""blue_proportion"" => 0.0017421602787456446, ""red_proportion"" => 0.9982578397212544)","Dict(:p25 => 7.453125, :p75 => 19.375, :p50 => 14.875, :p90 => 25.5, :p99 => 64.45249999999999, :p95 => 33.218750000000014)",2.887563270617813,53,104
112,572,688,56,110,0.36246771150196566,"Dict(:p25 => 7.625, :p75 => 19.828125, :p50 => 15.1875, :p90 => 25.48750000000001, :p99 => 64.46749999999997, :p95 => 33.28125000000003)",3.176441449444704,25.753496503496503,0.3953604097348582,0.6322427511409678,"Dict{String, Real}(""unique_cultures"" => 3, ""max_possible"" => 2048, ""diversity_ratio"" => 0.00146484375)",0.0,0.0,571,1,"Dict(""blue_proportion"" => 0.0017482517482517483, ""red_proportion"" => 0.9982517482517482)","Dict(:p25 => 7.625, :p75 => 19.828125, :p50 => 15.1875, :p90 => 25.48750000000001, :p99 => 64.46749999999997, :p95 => 33.28125000000003)",3.176441449444704,56,110
113,582,706,59,115,0.3614257885993313,"Dict(:p25 => 7.6953125, :p75 => 19.3671875, :p50 => 14.90625, :p90 => 25.42500000000001, :p99 => 58.37749999999957, :p95 => 33.98125000000002)",2.9832026645495837,25.761168384879724,0.3986846782794169,0.5828142948978404,"Dict{String, Real}(""unique_cultures"" => 3, ""max_possible"" => 2048, ""diversity_ratio"" => 0.00146484375)",0.0,0.0,581,1,"Dict(""blue_proportion"" => 0.001718213058419244, ""red_proportion"" => 0.9982817869415808)","Dict(:p25 => 7.6953125, :p75 => 19.3671875, :p50 => 14.90625, :p90 => 25.42500000000001, :p99 => 58.37749999999957, :p95 => 33.98125000000002)",2.9832026645495837,59,115
