time,calculate_cultural_entropy,calculate_spatial_segregation,calculate_clustering_coefficient,count_red_tribe,count_blue_tribe,calculate_tribe_proportions,calculate_wealth_percentiles,calculate_pareto_alpha,model.deaths_age,model.deaths_starvation,nagents
0,3.884297118205747,0.0,0.0,29,21,"Dict(""blue_proportion"" => 0.42, ""red_proportion"" => 0.58)","Dict(:p25 => 10.25, :p75 => 19.0, :p50 => 14.0, :p90 => 23.1, :p99 => 25.0, :p95 => 24.549999999999997)",9.797632143947327,0,0,50
1,3.884297118205747,0.0,0.0,29,21,"Dict(""blue_proportion"" => 0.42, ""red_proportion"" => 0.58)","Dict(:p25 => 8.25, :p75 => 19.75, :p50 => 14.0, :p90 => 23.0, :p99 => 24.0, :p95 => 23.549999999999997)",22.78728712621092,0,0,50
2,3.884297118205747,0.0,0.0,30,20,"Dict(""blue_proportion"" => 0.4, ""red_proportion"" => 0.6)","Dict(:p25 => 9.0, :p75 => 18.75, :p50 => 12.0, :p90 => 24.0, :p99 => 25.0, :p95 => 24.549999999999997)",9.423772737435378,0,1,50
3,3.884297118205747,0.0,0.0,30,20,"Dict(""blue_proportion"" => 0.4, ""red_proportion"" => 0.6)","Dict(:p25 => 8.25, :p75 => 19.75, :p50 => 14.0, :p90 => 25.0, :p99 => 27.509999999999998, :p95 => 26.549999999999997)",8.299203899177849,0,3,50
4,3.912023005428145,0.0,0.0,32,18,"Dict(""blue_proportion"" => 0.36, ""red_proportion"" => 0.64)","Dict(:p25 => 8.25, :p75 => 21.0, :p50 => 14.5, :p90 => 26.1, :p99 => 30.019999999999996, :p95 => 28.549999999999997)",7.311583920056274,0,6,50
5,3.912023005428145,0.0,0.0,29,21,"Dict(""blue_proportion"" => 0.42, ""red_proportion"" => 0.58)","Dict(:p25 => 9.0, :p75 => 21.0, :p50 => 15.0, :p90 => 27.200000000000003, :p99 => 32.529999999999994, :p95 => 30.549999999999997)",6.29656398604165,0,9,50
6,3.912023005428145,0.0,0.0,28,22,"Dict(""blue_proportion"" => 0.44, ""red_proportion"" => 0.56)","Dict(:p25 => 8.0, :p75 => 22.75, :p50 => 15.5, :p90 => 30.1, :p99 => 35.03999999999999, :p95 => 32.55)",5.3956428915687775,0,12,50
7,3.912023005428145,0.0,0.0,28,22,"Dict(""blue_proportion"" => 0.44, ""red_proportion"" => 0.56)","Dict(:p25 => 7.25, :p75 => 25.0, :p50 => 16.5, :p90 => 33.0, :p99 => 37.03999999999999, :p95 => 34.55)",4.7627367139081285,0,13,50
8,3.8842971182057475,0.0,0.0,26,24,"Dict(""blue_proportion"" => 0.48, ""red_proportion"" => 0.52)","Dict(:p25 => 8.25, :p75 => 27.5, :p50 => 17.0, :p90 => 35.0, :p99 => 39.54999999999999, :p95 => 36.55)",6.086754124063189,0,16,50
9,3.8842971182057475,0.0,0.0,25,25,"Dict(""blue_proportion"" => 0.5, ""red_proportion"" => 0.5)","Dict(:p25 => 10.25, :p75 => 29.5, :p50 => 17.5, :p90 => 37.1, :p99 => 42.05999999999999, :p95 => 38.55)",6.260826457843412,0,18,50
10,3.884297118205747,0.0,0.0,26,24,"Dict(""blue_proportion"" => 0.48, ""red_proportion"" => 0.52)","Dict(:p25 => 9.25, :p75 => 31.25, :p50 => 17.5, :p90 => 38.2, :p99 => 45.05999999999999, :p95 => 41.0)",6.31570661457521,0,18,50
11,3.884297118205747,0.0,0.0,24,26,"Dict(""blue_proportion"" => 0.52, ""red_proportion"" => 0.48)","Dict(:p25 => 9.25, :p75 => 31.75, :p50 => 19.0, :p90 => 39.300000000000004, :p99 => 48.05999999999999, :p95 => 43.55)",7.586646512897444,0,20,50
12,3.912023005428145,0.0,0.0,24,26,"Dict(""blue_proportion"" => 0.52, ""red_proportion"" => 0.48)","Dict(:p25 => 9.25, :p75 => 33.75, :p50 => 19.0, :p90 => 41.2, :p99 => 50.05999999999999, :p95 => 45.55)",9.531375181843133,0,21,50
13,3.912023005428145,0.0,0.0,23,27,"Dict(""blue_proportion"" => 0.54, ""red_proportion"" => 0.46)","Dict(:p25 => 8.0, :p75 => 35.0, :p50 => 20.0, :p90 => 43.2, :p99 => 52.569999999999986, :p95 => 47.55)",12.439420107458242,0,22,50
14,3.912023005428145,0.0,0.0,21,29,"Dict(""blue_proportion"" => 0.58, ""red_proportion"" => 0.42)","Dict(:p25 => 10.75, :p75 => 36.75, :p50 => 22.0, :p90 => 45.2, :p99 => 54.569999999999986, :p95 => 50.099999999999994)",12.657271055685111,0,26,50
15,3.912023005428145,0.0,0.0,22,28,"Dict(""blue_proportion"" => 0.56, ""red_proportion"" => 0.44)","Dict(:p25 => 14.0, :p75 => 38.5, :p50 => 22.0, :p90 => 47.1, :p99 => 57.05999999999999, :p95 => 52.099999999999994)",10.726346943030608,0,28,50
16,3.884297118205747,0.0,0.0,24,26,"Dict(""blue_proportion"" => 0.52, ""red_proportion"" => 0.48)","Dict(:p25 => 15.0, :p75 => 40.25, :p50 => 23.0, :p90 => 50.0, :p99 => 59.05999999999999, :p95 => 54.64999999999999)",9.041053205499388,0,32,50
17,3.8565712309833495,0.0,0.0,25,25,"Dict(""blue_proportion"" => 0.5, ""red_proportion"" => 0.5)","Dict(:p25 => 14.25, :p75 => 42.25, :p50 => 24.0, :p90 => 52.1, :p99 => 62.05999999999999, :p95 => 56.64999999999999)",7.432845965493213,0,32,50
18,3.884297118205747,0.0,0.0,24,26,"Dict(""blue_proportion"" => 0.52, ""red_proportion"" => 0.48)","Dict(:p25 => 14.25, :p75 => 44.0, :p50 => 25.5, :p90 => 54.2, :p99 => 64.57, :p95 => 58.64999999999999)",6.522597344497784,0,32,50
19,3.884297118205747,0.0,0.0,25,25,"Dict(""blue_proportion"" => 0.5, ""red_proportion"" => 0.5)","Dict(:p25 => 15.25, :p75 => 45.75, :p50 => 28.0, :p90 => 56.300000000000004, :p99 => 67.05999999999999, :p95 => 60.64999999999999)",5.785113128013415,0,33,50
20,3.884297118205747,0.0,0.0,26,24,"Dict(""blue_proportion"" => 0.48, ""red_proportion"" => 0.52)","Dict(:p25 => 15.5, :p75 => 46.75, :p50 => 29.0, :p90 => 59.2, :p99 => 69.05999999999999, :p95 => 62.64999999999999)",5.369070497598165,0,34,50
21,3.912023005428145,0.0,0.0,26,24,"Dict(""blue_proportion"" => 0.48, ""red_proportion"" => 0.52)","Dict(:p25 => 17.25, :p75 => 48.75, :p50 => 29.0, :p90 => 62.1, :p99 => 71.57, :p95 => 64.64999999999999)",5.473062440137558,0,35,50
22,3.8842971182057475,0.0,0.0,25,25,"Dict(""blue_proportion"" => 0.5, ""red_proportion"" => 0.5)","Dict(:p25 => 17.25, :p75 => 50.0, :p50 => 29.5, :p90 => 64.1, :p99 => 74.07999999999998, :p95 => 67.1)",5.576495515964439,0,35,50
23,3.8842971182057475,0.0,0.0,23,27,"Dict(""blue_proportion"" => 0.54, ""red_proportion"" => 0.46)","Dict(:p25 => 16.5, :p75 => 51.25, :p50 => 30.5, :p90 => 67.0, :p99 => 76.07999999999998, :p95 => 69.1)",5.711680826559476,0,35,50
24,3.912023005428145,0.0,0.0,24,26,"Dict(""blue_proportion"" => 0.52, ""red_proportion"" => 0.48)","Dict(:p25 => 17.25, :p75 => 52.5, :p50 => 31.0, :p90 => 69.1, :p99 => 78.57, :p95 => 71.55)",5.236728060243023,0,36,50
25,3.8842971182057475,0.0,0.0,24,26,"Dict(""blue_proportion"" => 0.52, ""red_proportion"" => 0.48)","Dict(:p25 => 15.75, :p75 => 54.25, :p50 => 32.0, :p90 => 71.2, :p99 => 81.57, :p95 => 74.0)",5.2524780637006945,0,36,50
26,3.8842971182057475,0.0,0.0,25,25,"Dict(""blue_proportion"" => 0.5, ""red_proportion"" => 0.5)","Dict(:p25 => 15.25, :p75 => 55.25, :p50 => 33.0, :p90 => 73.30000000000001, :p99 => 84.05999999999999, :p95 => 76.0)",5.336858839515588,0,36,50
27,3.912023005428145,0.0,0.0,24,26,"Dict(""blue_proportion"" => 0.52, ""red_proportion"" => 0.48)","Dict(:p25 => 20.25, :p75 => 57.25, :p50 => 33.5, :p90 => 76.2, :p99 => 86.05999999999999, :p95 => 78.55)",5.459379075380113,0,37,50
28,3.912023005428145,0.0,0.0,23,27,"Dict(""blue_proportion"" => 0.54, ""red_proportion"" => 0.46)","Dict(:p25 => 20.25, :p75 => 58.75, :p50 => 34.0, :p90 => 78.2, :p99 => 88.05999999999999, :p95 => 81.0)",5.621017535776193,0,37,50
29,3.912023005428145,0.0,0.0,25,25,"Dict(""blue_proportion"" => 0.5, ""red_proportion"" => 0.5)","Dict(:p25 => 20.25, :p75 => 60.75, :p50 => 35.5, :p90 => 81.10000000000001, :p99 => 90.54999999999998, :p95 => 83.55)",5.658653146082741,0,39,50
30,3.912023005428145,0.0,0.0,23,27,"Dict(""blue_proportion"" => 0.54, ""red_proportion"" => 0.46)","Dict(:p25 => 21.0, :p75 => 63.5, :p50 => 38.0, :p90 => 84.0, :p99 => 93.03999999999999, :p95 => 86.0)",5.6539686178407065,0,39,50
31,3.912023005428145,0.0,0.0,24,26,"Dict(""blue_proportion"" => 0.52, ""red_proportion"" => 0.48)","Dict(:p25 => 21.0, :p75 => 66.0, :p50 => 39.5, :p90 => 86.1, :p99 => 95.53, :p95 => 89.0)",5.657918881767052,0,40,50
32,3.912023005428145,0.0,0.0,22,28,"Dict(""blue_proportion"" => 0.56, ""red_proportion"" => 0.44)","Dict(:p25 => 21.0, :p75 => 67.0, :p50 => 41.5, :p90 => 88.2, :p99 => 98.02, :p95 => 91.0)",5.773357038525725,0,42,50
33,3.912023005428145,0.0,0.0,25,25,"Dict(""blue_proportion"" => 0.5, ""red_proportion"" => 0.5)","Dict(:p25 => 21.25, :p75 => 68.75, :p50 => 42.5, :p90 => 90.2, :p99 => 100.02, :p95 => 93.0)",5.92130536694495,0,43,50
34,3.912023005428145,0.0,0.0,23,27,"Dict(""blue_proportion"" => 0.54, ""red_proportion"" => 0.46)","Dict(:p25 => 21.0, :p75 => 70.75, :p50 => 43.5, :p90 => 92.2, :p99 => 102.50999999999999, :p95 => 95.55)",5.5948372560957615,0,43,50
35,3.912023005428145,0.0,0.0,23,27,"Dict(""blue_proportion"" => 0.54, ""red_proportion"" => 0.46)","Dict(:p25 => 21.0, :p75 => 72.25, :p50 => 44.5, :p90 => 94.30000000000001, :p99 => 105.0, :p95 => 98.1)",5.62928686227557,0,43,50
36,3.912023005428145,0.0,0.0,24,26,"Dict(""blue_proportion"" => 0.52, ""red_proportion"" => 0.48)","Dict(:p25 => 21.25, :p75 => 73.75, :p50 => 45.5, :p90 => 96.4, :p99 => 107.0, :p95 => 101.1)",6.0429928694157065,0,43,50
37,3.8842971182057475,0.0,0.0,20,30,"Dict(""blue_proportion"" => 0.6, ""red_proportion"" => 0.4)","Dict(:p25 => 21.25, :p75 => 75.75, :p50 => 47.0, :p90 => 98.4, :p99 => 109.50999999999999, :p95 => 104.1)",6.070259650711162,0,43,50
38,3.8461062681080582,0.0,0.0,21,29,"Dict(""blue_proportion"" => 0.58, ""red_proportion"" => 0.42)","Dict(:p25 => 21.5, :p75 => 77.0, :p50 => 48.0, :p90 => 100.4, :p99 => 112.02, :p95 => 106.64999999999999)",5.717937158771214,0,43,50
39,3.8461062681080582,0.0,0.0,23,27,"Dict(""blue_proportion"" => 0.54, ""red_proportion"" => 0.46)","Dict(:p25 => 23.0, :p75 => 79.0, :p50 => 49.0, :p90 => 102.4, :p99 => 114.53, :p95 => 109.64999999999999)",5.388035335845653,0,46,50
40,3.884297118205747,0.0,0.0,24,26,"Dict(""blue_proportion"" => 0.52, ""red_proportion"" => 0.48)","Dict(:p25 => 24.0, :p75 => 81.5, :p50 => 50.5, :p90 => 104.5, :p99 => 116.53, :p95 => 112.19999999999999)",5.414792440359573,0,46,50
41,3.8565712309833495,0.0,0.0,23,27,"Dict(""blue_proportion"" => 0.54, ""red_proportion"" => 0.46)","Dict(:p25 => 24.0, :p75 => 82.75, :p50 => 51.5, :p90 => 106.5, :p99 => 119.03999999999999, :p95 => 114.64999999999999)",5.442398825620448,0,46,50
42,3.8565712309833495,0.0,0.0,22,28,"Dict(""blue_proportion"" => 0.56, ""red_proportion"" => 0.44)","Dict(:p25 => 24.0, :p75 => 83.75, :p50 => 52.5, :p90 => 108.5, :p99 => 121.54999999999998, :p95 => 117.19999999999999)",5.501200215977731,0,46,50
43,3.8288453437609515,0.0,0.0,21,29,"Dict(""blue_proportion"" => 0.58, ""red_proportion"" => 0.42)","Dict(:p25 => 24.25, :p75 => 84.75, :p50 => 54.0, :p90 => 110.5, :p99 => 124.03999999999999, :p95 => 119.64999999999999)",5.526279522580003,0,46,50
44,3.884297118205747,0.0,0.0,20,30,"Dict(""blue_proportion"" => 0.6, ""red_proportion"" => 0.4)","Dict(:p25 => 25.25, :p75 => 86.0, :p50 => 55.0, :p90 => 112.60000000000001, :p99 => 127.03999999999999, :p95 => 122.19999999999999)",5.501967908645472,0,46,50
45,3.884297118205747,0.0,0.0,22,28,"Dict(""blue_proportion"" => 0.56, ""red_proportion"" => 0.44)","Dict(:p25 => 25.25, :p75 => 88.0, :p50 => 56.5, :p90 => 114.70000000000002, :p99 => 130.04, :p95 => 125.19999999999999)",5.454906032768269,0,46,50
46,3.8565712309833495,0.0,0.0,23,27,"Dict(""blue_proportion"" => 0.54, ""red_proportion"" => 0.46)","Dict(:p25 => 25.25, :p75 => 89.75, :p50 => 58.0, :p90 => 116.70000000000002, :p99 => 132.55, :p95 => 127.19999999999999)",5.53262646841255,0,46,50
47,3.8565712309833495,0.0,0.0,23,27,"Dict(""blue_proportion"" => 0.54, ""red_proportion"" => 0.46)","Dict(:p25 => 26.25, :p75 => 91.5, :p50 => 59.5, :p90 => 118.70000000000002, :p99 => 135.04, :p95 => 129.2)",5.580522145943939,0,47,50
48,3.8288453437609515,0.0,0.0,26,24,"Dict(""blue_proportion"" => 0.48, ""red_proportion"" => 0.52)","Dict(:p25 => 27.25, :p75 => 93.5, :p50 => 60.5, :p90 => 121.70000000000002, :p99 => 137.04, :p95 => 131.64999999999998)",5.31647893772416,0,48,50
49,3.8565712309833495,0.0,0.0,24,26,"Dict(""blue_proportion"" => 0.52, ""red_proportion"" => 0.48)","Dict(:p25 => 28.25, :p75 => 94.75, :p50 => 62.0, :p90 => 123.7, :p99 => 140.04, :p95 => 133.64999999999998)",5.319341807555224,0,49,50
50,3.8565712309833495,0.0,0.0,23,27,"Dict(""blue_proportion"" => 0.54, ""red_proportion"" => 0.46)","Dict(:p25 => 28.25, :p75 => 96.0, :p50 => 64.0, :p90 => 125.70000000000002, :p99 => 143.04, :p95 => 136.1)",5.3486236537877865,0,49,50
51,3.8565712309833495,0.0,0.0,22,28,"Dict(""blue_proportion"" => 0.56, ""red_proportion"" => 0.44)","Dict(:p25 => 28.25, :p75 => 98.0, :p50 => 66.0, :p90 => 127.7, :p99 => 145.04, :p95 => 138.55)",5.393148805920967,0,51,50
52,3.884297118205747,0.0,0.0,22,28,"Dict(""blue_proportion"" => 0.56, ""red_proportion"" => 0.44)","Dict(:p25 => 28.25, :p75 => 100.0, :p50 => 68.0, :p90 => 130.70000000000002, :p99 => 147.04, :p95 => 141.0)",5.416707049764607,0,51,50
53,3.912023005428145,0.0,0.0,24,26,"Dict(""blue_proportion"" => 0.52, ""red_proportion"" => 0.48)","Dict(:p25 => 28.25, :p75 => 101.75, :p50 => 70.5, :p90 => 133.70000000000002, :p99 => 149.53, :p95 => 143.55)",5.419977778174708,0,51,50
54,3.884297118205747,0.0,0.0,22,28,"Dict(""blue_proportion"" => 0.56, ""red_proportion"" => 0.44)","Dict(:p25 => 29.0, :p75 => 104.25, :p50 => 71.5, :p90 => 135.7, :p99 => 152.52999999999997, :p95 => 146.1)",5.446710441928026,0,51,50
55,3.884297118205747,0.0,0.0,26,24,"Dict(""blue_proportion"" => 0.48, ""red_proportion"" => 0.52)","Dict(:p25 => 29.25, :p75 => 106.0, :p50 => 73.0, :p90 => 137.70000000000002, :p99 => 154.53, :p95 => 148.64999999999998)",5.732123831727854,0,51,50
56,3.884297118205747,0.0,0.0,25,25,"Dict(""blue_proportion"" => 0.5, ""red_proportion"" => 0.5)","Dict(:p25 => 29.25, :p75 => 107.75, :p50 => 74.5, :p90 => 140.70000000000002, :p99 => 157.01999999999998, :p95 => 150.64999999999998)",6.012364693708982,0,51,50
57,3.8565712309833495,0.0,0.0,24,26,"Dict(""blue_proportion"" => 0.52, ""red_proportion"" => 0.48)","Dict(:p25 => 29.25, :p75 => 109.5, :p50 => 75.5, :p90 => 143.6, :p99 => 160.01999999999998, :p95 => 152.64999999999998)",6.310511159923592,0,51,50
58,3.884297118205747,0.0,0.0,23,27,"Dict(""blue_proportion"" => 0.54, ""red_proportion"" => 0.46)","Dict(:p25 => 30.0, :p75 => 111.25, :p50 => 76.5, :p90 => 146.60000000000002, :p99 => 163.01999999999998, :p95 => 155.2)",6.245345263550881,0,51,50
59,3.8565712309833495,0.0,0.0,24,26,"Dict(""blue_proportion"" => 0.52, ""red_proportion"" => 0.48)","Dict(:p25 => 31.25, :p75 => 113.0, :p50 => 78.0, :p90 => 148.70000000000002, :p99 => 165.01999999999998, :p95 => 157.2)",6.573447658430573,0,51,50
60,3.8565712309833495,0.0,0.0,25,25,"Dict(""blue_proportion"" => 0.5, ""red_proportion"" => 0.5)","Dict(:p25 => 24.5, :p75 => 104.75, :p50 => 65.0, :p90 => 146.20000000000002, :p99 => 167.01999999999998, :p95 => 159.64999999999998)",5.6934860499770625,4,51,50
61,3.912023005428145,0.0,0.0,23,27,"Dict(""blue_proportion"" => 0.54, ""red_proportion"" => 0.46)","Dict(:p25 => 26.0, :p75 => 105.75, :p50 => 66.0, :p90 => 148.20000000000002, :p99 => 169.01999999999998, :p95 => 161.64999999999998)",5.7507728655419825,4,51,50
62,3.912023005428145,0.0,0.0,21,29,"Dict(""blue_proportion"" => 0.58, ""red_proportion"" => 0.42)","Dict(:p25 => 24.5, :p75 => 106.5, :p50 => 57.5, :p90 => 151.1, :p99 => 172.01999999999998, :p95 => 164.2)",5.7279731671724115,5,51,50
63,3.912023005428145,0.0,0.0,21,29,"Dict(""blue_proportion"" => 0.58, ""red_proportion"" => 0.42)","Dict(:p25 => 25.5, :p75 => 108.5, :p50 => 58.5, :p90 => 154.00000000000003, :p99 => 175.01999999999998, :p95 => 167.2)",5.920559941998908,5,52,50
64,3.884297118205747,0.0,0.0,17,33,"Dict(""blue_proportion"" => 0.66, ""red_proportion"" => 0.34)","Dict(:p25 => 27.5, :p75 => 109.5, :p50 => 59.5, :p90 => 156.9, :p99 => 178.02, :p95 => 169.64999999999998)",5.869830247614454,5,52,50
65,3.884297118205747,0.0,0.0,19,31,"Dict(""blue_proportion"" => 0.62, ""red_proportion"" => 0.38)","Dict(:p25 => 29.0, :p75 => 111.25, :p50 => 60.5, :p90 => 158.9, :p99 => 181.01999999999998, :p95 => 172.1)",5.889674248889473,5,52,50
66,3.912023005428145,0.0,0.0,21,29,"Dict(""blue_proportion"" => 0.58, ""red_proportion"" => 0.42)","Dict(:p25 => 21.25, :p75 => 110.75, :p50 => 55.5, :p90 => 161.8, :p99 => 183.51, :p95 => 174.55)",4.907019494321827,7,52,50
67,3.8288453437609515,0.0,0.0,23,27,"Dict(""blue_proportion"" => 0.54, ""red_proportion"" => 0.46)","Dict(:p25 => 20.25, :p75 => 111.75, :p50 => 51.5, :p90 => 163.8, :p99 => 185.51, :p95 => 177.1)",3.6520103979194936,8,52,50
68,3.884297118205747,0.0,0.0,23,27,"Dict(""blue_proportion"" => 0.54, ""red_proportion"" => 0.46)","Dict(:p25 => 20.25, :p75 => 108.0, :p50 => 44.5, :p90 => 150.60000000000002, :p99 => 184.07999999999998, :p95 => 175.75)",3.421835981101109,10,52,50
69,3.8565712309833495,0.0,0.0,21,29,"Dict(""blue_proportion"" => 0.58, ""red_proportion"" => 0.42)","Dict(:p25 => 21.0, :p75 => 110.0, :p50 => 43.0, :p90 => 152.60000000000002, :p99 => 186.58999999999997, :p95 => 177.75)",3.475485204641247,11,52,50
70,3.884297118205747,0.0,0.0,19,31,"Dict(""blue_proportion"" => 0.62, ""red_proportion"" => 0.38)","Dict(:p25 => 21.0, :p75 => 111.75, :p50 => 44.0, :p90 => 154.70000000000005, :p99 => 189.58999999999997, :p95 => 180.75)",3.5971930242123564,11,53,50
71,3.884297118205747,0.0,0.0,22,28,"Dict(""blue_proportion"" => 0.56, ""red_proportion"" => 0.44)","Dict(:p25 => 21.5, :p75 => 105.75, :p50 => 44.0, :p90 => 148.70000000000002, :p99 => 186.53, :p95 => 177.39999999999998)",4.01033584449583,12,53,50
72,3.8461062681080582,0.0,0.0,24,26,"Dict(""blue_proportion"" => 0.52, ""red_proportion"" => 0.48)","Dict(:p25 => 21.0, :p75 => 107.75, :p50 => 45.0, :p90 => 151.6, :p99 => 189.01999999999998, :p95 => 180.39999999999998)",3.9106178454524136,12,53,50
73,3.8183803808856602,0.0,0.0,25,25,"Dict(""blue_proportion"" => 0.5, ""red_proportion"" => 0.5)","Dict(:p25 => 20.25, :p75 => 109.75, :p50 => 46.0, :p90 => 154.50000000000003, :p99 => 191.01999999999998, :p95 => 182.39999999999998)",4.088147518691144,12,54,50
74,3.8565712309833495,0.0,0.0,25,25,"Dict(""blue_proportion"" => 0.5, ""red_proportion"" => 0.5)","Dict(:p25 => 20.25, :p75 => 111.0, :p50 => 45.5, :p90 => 156.60000000000002, :p99 => 193.53, :p95 => 184.95)",4.253932098339599,13,55,50
75,3.8565712309833495,0.0,0.0,25,25,"Dict(""blue_proportion"" => 0.5, ""red_proportion"" => 0.5)","Dict(:p25 => 20.25, :p75 => 112.5, :p50 => 47.0, :p90 => 158.7, :p99 => 196.52999999999997, :p95 => 187.39999999999998)",4.256857624112222,13,55,50
76,3.8183803808856602,0.0,0.0,26,24,"Dict(""blue_proportion"" => 0.48, ""red_proportion"" => 0.52)","Dict(:p25 => 14.0, :p75 => 100.25, :p50 => 41.5, :p90 => 161.70000000000002, :p99 => 199.04, :p95 => 189.95)",3.8867302979765572,16,55,50
77,3.8461062681080582,0.0,0.0,27,23,"Dict(""blue_proportion"" => 0.46, ""red_proportion"" => 0.54)","Dict(:p25 => 14.5, :p75 => 97.75, :p50 => 37.5, :p90 => 136.00000000000006, :p99 => 201.04, :p95 => 191.95)",3.4626460975666205,17,56,50
78,3.884297118205747,0.0,0.0,25,25,"Dict(""blue_proportion"" => 0.5, ""red_proportion"" => 0.5)","Dict(:p25 => 14.0, :p75 => 99.0, :p50 => 39.0, :p90 => 138.00000000000003, :p99 => 203.55, :p95 => 194.39999999999998)",3.498601653858604,17,56,50
79,3.8842971182057475,0.0,0.0,24,26,"Dict(""blue_proportion"" => 0.52, ""red_proportion"" => 0.48)","Dict(:p25 => 15.0, :p75 => 95.75, :p50 => 38.0, :p90 => 140.10000000000005, :p99 => 206.05999999999997, :p95 => 196.95)",3.536847209778485,18,57,50
80,3.912023005428145,0.0,0.0,23,27,"Dict(""blue_proportion"" => 0.54, ""red_proportion"" => 0.46)","Dict(:p25 => 12.5, :p75 => 97.5, :p50 => 37.5, :p90 => 143.10000000000005, :p99 => 208.06, :p95 => 199.49999999999997)",3.571757916180204,19,59,50
81,3.884297118205747,0.0,0.0,24,26,"Dict(""blue_proportion"" => 0.52, ""red_proportion"" => 0.48)","Dict(:p25 => 11.5, :p75 => 98.5, :p50 => 38.5, :p90 => 146.10000000000002, :p99 => 210.05999999999997, :p95 => 201.49999999999997)",3.7091612436026886,20,59,50
82,3.912023005428145,0.0,0.0,25,25,"Dict(""blue_proportion"" => 0.5, ""red_proportion"" => 0.5)","Dict(:p25 => 12.5, :p75 => 100.25, :p50 => 40.5, :p90 => 149.00000000000006, :p99 => 212.06, :p95 => 203.49999999999997)",3.7480072776061992,20,60,50
83,3.884297118205747,0.0,0.0,27,23,"Dict(""blue_proportion"" => 0.46, ""red_proportion"" => 0.54)","Dict(:p25 => 12.25, :p75 => 95.0, :p50 => 35.5, :p90 => 152.00000000000006, :p99 => 214.05999999999997, :p95 => 205.95)",3.4605710541162282,21,60,50
84,3.8565712309833495,0.0,0.0,23,27,"Dict(""blue_proportion"" => 0.54, ""red_proportion"" => 0.46)","Dict(:p25 => 12.25, :p75 => 91.0, :p50 => 29.0, :p90 => 147.4, :p99 => 216.57, :p95 => 208.95)",2.470592770612405,22,63,50
85,3.8565712309833495,0.0,0.0,22,28,"Dict(""blue_proportion"" => 0.56, ""red_proportion"" => 0.44)","Dict(:p25 => 14.0, :p75 => 76.5, :p50 => 29.0, :p90 => 141.8, :p99 => 215.0, :p95 => 182.69999999999985)",2.8560042524330904,23,65,50
86,3.8565712309833495,0.0,0.0,24,26,"Dict(""blue_proportion"" => 0.52, ""red_proportion"" => 0.48)","Dict(:p25 => 14.0, :p75 => 77.5, :p50 => 29.0, :p90 => 142.9, :p99 => 217.0, :p95 => 184.69999999999985)",2.9039065068221666,23,65,50
87,3.8565712309833495,0.0,0.0,24,26,"Dict(""blue_proportion"" => 0.52, ""red_proportion"" => 0.48)","Dict(:p25 => 13.0, :p75 => 78.75, :p50 => 27.5, :p90 => 144.0, :p99 => 219.51, :p95 => 187.14999999999986)",2.874521369219118,24,65,50
88,3.8565712309833495,0.0,0.0,28,22,"Dict(""blue_proportion"" => 0.44, ""red_proportion"" => 0.56)","Dict(:p25 => 12.25, :p75 => 70.5, :p50 => 27.0, :p90 => 142.40000000000003, :p99 => 222.02, :p95 => 190.14999999999986)",2.7202320904425994,25,67,50
89,3.884297118205747,0.0,0.0,28,22,"Dict(""blue_proportion"" => 0.44, ""red_proportion"" => 0.56)","Dict(:p25 => 12.0, :p75 => 65.5, :p50 => 27.0, :p90 => 115.20000000000005, :p99 => 220.57, :p95 => 160.84999999999997)",2.1419051840766854,27,67,50
90,3.884297118205747,0.0,0.0,30,20,"Dict(""blue_proportion"" => 0.4, ""red_proportion"" => 0.6)","Dict(:p25 => 13.25, :p75 => 68.0, :p50 => 28.0, :p90 => 117.20000000000005, :p99 => 223.06, :p95 => 162.84999999999997)",2.1370068582253285,27,68,50
91,3.884297118205747,0.0,0.0,28,22,"Dict(""blue_proportion"" => 0.44, ""red_proportion"" => 0.56)","Dict(:p25 => 12.25, :p75 => 70.5, :p50 => 25.5, :p90 => 119.20000000000005, :p99 => 225.54999999999998, :p95 => 165.29999999999998)",2.172997990034,29,69,50
92,3.8565712309833495,0.0,0.0,28,22,"Dict(""blue_proportion"" => 0.44, ""red_proportion"" => 0.56)","Dict(:p25 => 12.5, :p75 => 66.75, :p50 => 26.0, :p90 => 121.30000000000004, :p99 => 228.06, :p95 => 167.75)",1.6610104353163573,30,70,50
93,3.8565712309833495,0.0,0.0,29,21,"Dict(""blue_proportion"" => 0.42, ""red_proportion"" => 0.58)","Dict(:p25 => 12.25, :p75 => 56.25, :p50 => 23.5, :p90 => 117.20000000000002, :p99 => 201.0499999999999, :p95 => 160.69999999999996)",2.2251554735505046,32,70,50
94,3.8565712309833495,0.0,0.0,30,20,"Dict(""blue_proportion"" => 0.4, ""red_proportion"" => 0.6)","Dict(:p25 => 12.25, :p75 => 57.25, :p50 => 24.0, :p90 => 119.1, :p99 => 203.5399999999999, :p95 => 163.24999999999994)",2.212293228630589,32,70,50
95,3.8565712309833495,0.0,0.0,31,19,"Dict(""blue_proportion"" => 0.38, ""red_proportion"" => 0.62)","Dict(:p25 => 12.0, :p75 => 59.0, :p50 => 24.5, :p90 => 121.10000000000001, :p99 => 206.0299999999999, :p95 => 166.24999999999994)",2.192823808909598,32,72,50
96,3.8842971182057475,0.0,0.0,31,19,"Dict(""blue_proportion"" => 0.38, ""red_proportion"" => 0.62)","Dict(:p25 => 12.0, :p75 => 60.75, :p50 => 25.0, :p90 => 122.30000000000001, :p99 => 209.02999999999992, :p95 => 169.24999999999994)",2.1669055045972594,32,73,50
97,3.8565712309833495,0.0,0.0,29,21,"Dict(""blue_proportion"" => 0.42, ""red_proportion"" => 0.58)","Dict(:p25 => 10.0, :p75 => 61.75, :p50 => 25.5, :p90 => 124.4, :p99 => 211.5199999999999, :p95 => 171.79999999999995)",2.1443913482055597,32,74,50
98,3.912023005428145,0.0,0.0,29,21,"Dict(""blue_proportion"" => 0.42, ""red_proportion"" => 0.58)","Dict(:p25 => 9.25, :p75 => 63.5, :p50 => 26.5, :p90 => 125.50000000000001, :p99 => 214.5199999999999, :p95 => 174.34999999999997)",2.1330243548222323,32,74,50
99,3.912023005428145,0.0,0.0,28,22,"Dict(""blue_proportion"" => 0.44, ""red_proportion"" => 0.56)","Dict(:p25 => 9.25, :p75 => 48.25, :p50 => 22.0, :p90 => 95.3, :p99 => 187.55, :p95 => 152.2499999999999)",2.1663471244318413,36,77,50
100,3.912023005428145,0.0,0.0,28,22,"Dict(""blue_proportion"" => 0.44, ""red_proportion"" => 0.56)","Dict(:p25 => 14.0, :p75 => 50.25, :p50 => 23.0, :p90 => 98.1, :p99 => 190.54999999999998, :p95 => 155.2499999999999)",2.145127441915768,37,81,50
101,3.8565712309833495,0.0,0.0,31,19,"Dict(""blue_proportion"" => 0.38, ""red_proportion"" => 0.62)","Dict(:p25 => 14.0, :p75 => 52.25, :p50 => 23.5, :p90 => 101.0, :p99 => 193.06, :p95 => 158.2499999999999)",2.1230251572321053,37,82,50
102,3.912023005428145,0.0,0.0,30,20,"Dict(""blue_proportion"" => 0.4, ""red_proportion"" => 0.6)","Dict(:p25 => 13.25, :p75 => 54.25, :p50 => 23.5, :p90 => 102.1, :p99 => 195.57, :p95 => 160.6999999999999)",2.1184634434141523,37,82,50
103,3.912023005428145,0.0,0.0,31,19,"Dict(""blue_proportion"" => 0.38, ""red_proportion"" => 0.62)","Dict(:p25 => 14.0, :p75 => 56.5, :p50 => 24.0, :p90 => 103.19999999999999, :p99 => 197.57, :p95 => 163.2499999999999)",2.1220266702379478,37,83,50
104,3.912023005428145,0.0,0.0,29,21,"Dict(""blue_proportion"" => 0.42, ""red_proportion"" => 0.58)","Dict(:p25 => 13.25, :p75 => 57.5, :p50 => 24.5, :p90 => 91.40000000000002, :p99 => 199.57, :p95 => 129.44999999999987)",2.367410732881703,38,83,50
105,3.884297118205747,0.0,0.0,30,20,"Dict(""blue_proportion"" => 0.4, ""red_proportion"" => 0.6)","Dict(:p25 => 14.0, :p75 => 60.25, :p50 => 25.0, :p90 => 93.40000000000002, :p99 => 202.07999999999998, :p95 => 131.9999999999999)",2.3524961874148085,38,83,50
106,3.856571230983349,0.0,0.0,28,22,"Dict(""blue_proportion"" => 0.44, ""red_proportion"" => 0.56)","Dict(:p25 => 14.0, :p75 => 58.0, :p50 => 25.0, :p90 => 93.0, :p99 => 176.9699999999999, :p95 => 110.29999999999998)",2.878662961420489,39,85,50
107,3.884297118205747,0.0,0.0,31,19,"Dict(""blue_proportion"" => 0.38, ""red_proportion"" => 0.62)","Dict(:p25 => 14.0, :p75 => 53.5, :p50 => 25.0, :p90 => 93.10000000000001, :p99 => 136.39999999999992, :p95 => 101.69999999999996)",2.962282372610743,41,87,50
108,3.8565712309833495,0.0,0.0,29,21,"Dict(""blue_proportion"" => 0.42, ""red_proportion"" => 0.58)","Dict(:p25 => 12.25, :p75 => 52.0, :p50 => 26.0, :p90 => 80.50000000000001, :p99 => 138.9099999999999, :p95 => 95.55)",3.436071894869914,42,89,50
109,3.884297118205747,0.0,0.0,28,22,"Dict(""blue_proportion"" => 0.44, ""red_proportion"" => 0.56)","Dict(:p25 => 12.0, :p75 => 53.0, :p50 => 27.0, :p90 => 81.60000000000002, :p99 => 141.9099999999999, :p95 => 97.1)",3.5432836621946056,42,91,50
110,3.884297118205747,0.0,0.0,28,22,"Dict(""blue_proportion"" => 0.44, ""red_proportion"" => 0.56)","Dict(:p25 => 12.25, :p75 => 54.25, :p50 => 28.5, :p90 => 82.60000000000002, :p99 => 144.4199999999999, :p95 => 99.1)",3.6453698427331016,42,92,50
111,3.912023005428145,0.0,0.0,30,20,"Dict(""blue_proportion"" => 0.4, ""red_proportion"" => 0.6)","Dict(:p25 => 12.25, :p75 => 53.0, :p50 => 28.0, :p90 => 83.60000000000002, :p99 => 147.4199999999999, :p95 => 100.1)",3.4289361481804184,43,94,50
112,3.912023005428145,0.0,0.0,30,20,"Dict(""blue_proportion"" => 0.4, ""red_proportion"" => 0.6)","Dict(:p25 => 12.25, :p75 => 55.5, :p50 => 28.0, :p90 => 84.60000000000002, :p99 => 149.4199999999999, :p95 => 102.1)",3.5328121668590824,43,94,50
113,3.8565712309833495,0.0,0.0,31,19,"Dict(""blue_proportion"" => 0.38, ""red_proportion"" => 0.62)","Dict(:p25 => 12.25, :p75 => 57.25, :p50 => 28.5, :p90 => 85.60000000000002, :p99 => 151.9099999999999, :p95 => 104.1)",3.6287681519764567,43,94,50
114,3.8288453437609515,0.0,0.0,31,19,"Dict(""blue_proportion"" => 0.38, ""red_proportion"" => 0.62)","Dict(:p25 => 13.0, :p75 => 58.5, :p50 => 29.5, :p90 => 87.50000000000003, :p99 => 153.9099999999999, :p95 => 105.1)",3.7635212926392243,43,97,50
115,3.8288453437609515,0.0,0.0,33,17,"Dict(""blue_proportion"" => 0.34, ""red_proportion"" => 0.66)","Dict(:p25 => 14.0, :p75 => 59.5, :p50 => 30.5, :p90 => 88.60000000000002, :p99 => 156.4199999999999, :p95 => 106.1)",3.8794736855691307,43,97,50
116,3.8565712309833495,0.0,0.0,33,17,"Dict(""blue_proportion"" => 0.34, ""red_proportion"" => 0.66)","Dict(:p25 => 14.25, :p75 => 60.5, :p50 => 31.5, :p90 => 91.40000000000002, :p99 => 158.41999999999993, :p95 => 107.1)",4.022700693069729,43,98,50
117,3.912023005428145,0.0,0.0,31,19,"Dict(""blue_proportion"" => 0.38, ""red_proportion"" => 0.62)","Dict(:p25 => 14.25, :p75 => 61.75, :p50 => 33.5, :p90 => 93.30000000000001, :p99 => 160.9299999999999, :p95 => 108.55)",4.125338246936141,43,101,50
118,3.912023005428145,0.0,0.0,33,17,"Dict(""blue_proportion"" => 0.34, ""red_proportion"" => 0.66)","Dict(:p25 => 15.25, :p75 => 63.0, :p50 => 35.0, :p90 => 96.10000000000001, :p99 => 163.4399999999999, :p95 => 110.0)",4.210393793253146,43,103,50
119,3.912023005428145,0.0,0.0,34,16,"Dict(""blue_proportion"" => 0.32, ""red_proportion"" => 0.68)","Dict(:p25 => 16.0, :p75 => 63.5, :p50 => 34.5, :p90 => 93.50000000000001, :p99 => 166.4399999999999, :p95 => 109.19999999999999)",2.733002440671082,44,103,50
120,3.884297118205747,0.0,0.0,33,17,"Dict(""blue_proportion"" => 0.34, ""red_proportion"" => 0.66)","Dict(:p25 => 16.0, :p75 => 65.0, :p50 => 36.5, :p90 => 94.70000000000002, :p99 => 168.9299999999999, :p95 => 110.19999999999999)",2.8098000976556947,44,103,50
121,3.912023005428145,0.0,0.0,33,17,"Dict(""blue_proportion"" => 0.34, ""red_proportion"" => 0.66)","Dict(:p25 => 15.25, :p75 => 66.75, :p50 => 38.5, :p90 => 96.70000000000002, :p99 => 171.4399999999999, :p95 => 111.19999999999999)",2.879472782268248,44,105,50
122,3.912023005428145,0.0,0.0,34,16,"Dict(""blue_proportion"" => 0.32, ""red_proportion"" => 0.68)","Dict(:p25 => 15.25, :p75 => 67.75, :p50 => 39.0, :p90 => 97.90000000000002, :p99 => 173.4399999999999, :p95 => 112.19999999999999)",3.0584594206839237,44,105,50
123,3.912023005428145,0.0,0.0,34,16,"Dict(""blue_proportion"" => 0.32, ""red_proportion"" => 0.68)","Dict(:p25 => 16.0, :p75 => 69.0, :p50 => 39.5, :p90 => 100.0, :p99 => 176.4399999999999, :p95 => 113.74999999999999)",3.118062974341436,44,106,50
124,3.884297118205747,0.0,0.0,35,15,"Dict(""blue_proportion"" => 0.3, ""red_proportion"" => 0.7)","Dict(:p25 => 17.0, :p75 => 70.75, :p50 => 40.0, :p90 => 102.10000000000002, :p99 => 178.9499999999999, :p95 => 115.29999999999998)",3.297292139030862,44,106,50
125,3.884297118205747,0.0,0.0,36,14,"Dict(""blue_proportion"" => 0.28, ""red_proportion"" => 0.72)","Dict(:p25 => 18.25, :p75 => 73.5, :p50 => 40.5, :p90 => 103.10000000000002, :p99 => 181.9499999999999, :p95 => 117.29999999999998)",3.37951459500345,44,106,50
126,3.8461062681080587,0.0,0.0,37,13,"Dict(""blue_proportion"" => 0.26, ""red_proportion"" => 0.74)","Dict(:p25 => 18.75, :p75 => 75.5, :p50 => 40.5, :p90 => 104.10000000000001, :p99 => 184.94999999999993, :p95 => 118.74999999999999)",3.5868451721631875,44,106,50
127,3.7733935693161564,0.0,0.0,37,13,"Dict(""blue_proportion"" => 0.26, ""red_proportion"" => 0.74)","Dict(:p25 => 19.25, :p75 => 77.5, :p50 => 40.5, :p90 => 106.00000000000003, :p99 => 187.4399999999999, :p95 => 120.19999999999999)",3.6785278040396356,44,106,50
128,3.801119456538554,0.0,0.0,36,14,"Dict(""blue_proportion"" => 0.28, ""red_proportion"" => 0.72)","Dict(:p25 => 19.5, :p75 => 80.25, :p50 => 41.0, :p90 => 107.9, :p99 => 189.92999999999992, :p95 => 122.19999999999999)",3.9017989194122773,44,106,50
129,3.8288453437609515,0.0,0.0,33,17,"Dict(""blue_proportion"" => 0.34, ""red_proportion"" => 0.66)","Dict(:p25 => 20.25, :p75 => 82.0, :p50 => 41.0, :p90 => 109.80000000000001, :p99 => 191.9299999999999, :p95 => 124.1)",4.167759776895939,44,107,50
130,3.8288453437609515,0.0,0.0,34,16,"Dict(""blue_proportion"" => 0.32, ""red_proportion"" => 0.68)","Dict(:p25 => 20.25, :p75 => 83.25, :p50 => 41.5, :p90 => 111.7, :p99 => 193.92999999999992, :p95 => 126.0)",4.2862250240523725,44,107,50
131,3.801119456538554,0.0,0.0,33,17,"Dict(""blue_proportion"" => 0.34, ""red_proportion"" => 0.66)","Dict(:p25 => 18.5, :p75 => 84.5, :p50 => 42.0, :p90 => 113.60000000000002, :p99 => 195.9299999999999, :p95 => 127.55)",4.58382726809016,45,108,50
132,3.8288453437609515,0.0,0.0,33,17,"Dict(""blue_proportion"" => 0.34, ""red_proportion"" => 0.66)","Dict(:p25 => 18.75, :p75 => 86.0, :p50 => 42.0, :p90 => 115.6, :p99 => 198.41999999999993, :p95 => 129.55)",4.8591456159096875,45,108,50
133,3.8288453437609515,0.0,0.0,34,16,"Dict(""blue_proportion"" => 0.32, ""red_proportion"" => 0.68)","Dict(:p25 => 18.25, :p75 => 87.75, :p50 => 41.0, :p90 => 117.60000000000002, :p99 => 200.9099999999999, :p95 => 132.1)",4.902459910375977,46,108,50
134,3.8565712309833495,0.0,0.0,33,17,"Dict(""blue_proportion"" => 0.34, ""red_proportion"" => 0.66)","Dict(:p25 => 18.0, :p75 => 89.75, :p50 => 41.5, :p90 => 119.5, :p99 => 202.9099999999999, :p95 => 133.64999999999998)",5.060712970344058,46,108,50
135,3.7456676820937584,0.0,0.0,33,17,"Dict(""blue_proportion"" => 0.34, ""red_proportion"" => 0.66)","Dict(:p25 => 18.0, :p75 => 90.0, :p50 => 41.5, :p90 => 118.30000000000001, :p99 => 204.9099999999999, :p95 => 135.2)",3.429060654446286,47,108,50
136,3.735202719218467,0.0,0.0,32,18,"Dict(""blue_proportion"" => 0.36, ""red_proportion"" => 0.64)","Dict(:p25 => 18.0, :p75 => 91.75, :p50 => 42.0, :p90 => 120.30000000000001, :p99 => 207.9099999999999, :p95 => 136.75)",3.5033254282522215,47,108,50
137,3.762928606440865,0.0,0.0,33,17,"Dict(""blue_proportion"" => 0.34, ""red_proportion"" => 0.66)","Dict(:p25 => 18.0, :p75 => 93.75, :p50 => 42.5, :p90 => 122.30000000000001, :p99 => 210.41999999999993, :p95 => 139.29999999999998)",3.555759555680176,47,108,50
138,3.762928606440865,0.0,0.0,33,17,"Dict(""blue_proportion"" => 0.34, ""red_proportion"" => 0.66)","Dict(:p25 => 18.0, :p75 => 95.75, :p50 => 43.0, :p90 => 124.30000000000001, :p99 => 212.4199999999999, :p95 => 140.84999999999997)",3.7497854747570183,47,108,50
139,3.790654493663263,0.0,0.0,30,20,"Dict(""blue_proportion"" => 0.4, ""red_proportion"" => 0.6)","Dict(:p25 => 18.25, :p75 => 97.0, :p50 => 44.0, :p90 => 126.30000000000001, :p99 => 214.41999999999993, :p95 => 142.39999999999998)",3.830052004659518,47,108,50
140,3.8183803808856607,0.0,0.0,31,19,"Dict(""blue_proportion"" => 0.38, ""red_proportion"" => 0.62)","Dict(:p25 => 18.0, :p75 => 93.75, :p50 => 44.0, :p90 => 123.5, :p99 => 216.9299999999999, :p95 => 140.89999999999995)",4.168329995317141,48,109,50
141,3.8183803808856607,0.0,0.0,32,18,"Dict(""blue_proportion"" => 0.36, ""red_proportion"" => 0.64)","Dict(:p25 => 18.25, :p75 => 95.5, :p50 => 45.0, :p90 => 125.50000000000001, :p99 => 219.4199999999999, :p95 => 142.89999999999995)",4.250664216570466,48,109,50
142,3.762928606440865,0.0,0.0,32,18,"Dict(""blue_proportion"" => 0.36, ""red_proportion"" => 0.64)","Dict(:p25 => 18.25, :p75 => 97.25, :p50 => 45.5, :p90 => 127.5, :p99 => 221.92999999999992, :p95 => 144.89999999999995)",4.474694253853649,48,110,50
143,3.762928606440865,0.0,0.0,32,18,"Dict(""blue_proportion"" => 0.36, ""red_proportion"" => 0.64)","Dict(:p25 => 19.5, :p75 => 98.25, :p50 => 46.5, :p90 => 129.5, :p99 => 223.9299999999999, :p95 => 146.89999999999995)",4.70330331263117,48,111,50
144,3.790654493663263,0.0,0.0,35,15,"Dict(""blue_proportion"" => 0.3, ""red_proportion"" => 0.7)","Dict(:p25 => 20.25, :p75 => 93.25, :p50 => 45.5, :p90 => 125.60000000000002, :p99 => 180.9699999999999, :p95 => 137.64999999999998)",5.989275658319314,51,112,50
145,3.8183803808856607,0.0,0.0,35,15,"Dict(""blue_proportion"" => 0.3, ""red_proportion"" => 0.7)","Dict(:p25 => 19.25, :p75 => 94.75, :p50 => 46.5, :p90 => 126.80000000000001, :p99 => 183.9699999999999, :p95 => 139.64999999999998)",6.039342717457159,51,112,50
146,3.8183803808856607,0.0,0.0,34,16,"Dict(""blue_proportion"" => 0.32, ""red_proportion"" => 0.68)","Dict(:p25 => 18.0, :p75 => 93.75, :p50 => 44.0, :p90 => 125.30000000000001, :p99 => 186.9699999999999, :p95 => 140.29999999999998)",4.559663899750279,53,112,50
147,3.640175665295144,0.0,0.0,35,15,"Dict(""blue_proportion"" => 0.3, ""red_proportion"" => 0.7)","Dict(:p25 => 18.0, :p75 => 94.75, :p50 => 45.5, :p90 => 127.19999999999999, :p99 => 188.9699999999999, :p95 => 142.29999999999998)",4.4773355894614255,53,113,50
148,3.6124497780727465,0.0,0.0,32,18,"Dict(""blue_proportion"" => 0.36, ""red_proportion"" => 0.64)","Dict(:p25 => 18.0, :p75 => 95.75, :p50 => 46.5, :p90 => 130.0, :p99 => 191.9699999999999, :p95 => 144.29999999999998)",4.36469256970325,53,113,50
149,3.7074768319960696,0.0,0.0,35,15,"Dict(""blue_proportion"" => 0.3, ""red_proportion"" => 0.7)","Dict(:p25 => 18.0, :p75 => 97.5, :p50 => 47.5, :p90 => 132.0, :p99 => 194.4599999999999, :p95 => 146.29999999999998)",4.4188999671487,54,113,50
150,3.8183803808856607,0.0,0.0,30,20,"Dict(""blue_proportion"" => 0.4, ""red_proportion"" => 0.6)","Dict(:p25 => 18.25, :p75 => 90.25, :p50 => 45.5, :p90 => 134.0, :p99 => 162.72999999999996, :p95 => 140.59999999999997)",4.622755992415816,56,115,50
