time,nagents,#193,#194,#195,#196,#197,#198,#199,#200,#201,#202,#203
0,50,0,0,0,0.0,0.0,"Dict{String, Real}(""n_edges"" => 0, ""density"" => 0.0, ""avg_degree"" => 0.0, ""n_nodes"" => 50, ""max_degree"" => 0)",0.23110204081632646,"Dict(:p25 => 10.25, :p75 => 19.0, :p50 => 14.0, :p90 => 23.1, :p99 => 25.0, :p95 => 24.549999999999997)",9.797632143947327,0.0,0.0
1,50,0,0,0,0.0,0.0,"Dict{String, Real}(""n_edges"" => 0, ""density"" => 0.0, ""avg_degree"" => 0.0, ""n_nodes"" => 50, ""max_degree"" => 0)",0.2600580551523948,"Dict(:p25 => 8.25, :p75 => 19.75, :p50 => 13.0, :p90 => 23.0, :p99 => 24.509999999999998, :p95 => 23.549999999999997)",20.847962706112217,1.0,0.0
2,49,0,0,1,0.0,0.0,"Dict{String, Real}(""n_edges"" => 0, ""density"" => 0.0, ""avg_degree"" => 0.0, ""n_nodes"" => 49, ""max_degree"" => 0)",0.29397771378490045,"Dict(:p25 => 9.0, :p75 => 19.0, :p50 => 12.0, :p90 => 24.0, :p99 => 26.039999999999992, :p95 => 24.6)",7.907866854153609,2.0,0.0
3,47,0,0,3,0.0,0.0,"Dict{String, Real}(""n_edges"" => 0, ""density"" => 0.0, ""avg_degree"" => 0.0, ""n_nodes"" => 47, ""max_degree"" => 0)",0.3306737588652484,"Dict(:p25 => 7.5, :p75 => 19.0, :p50 => 11.0, :p90 => 25.0, :p99 => 28.54, :p95 => 26.700000000000003)",7.5669521635601935,3.0,0.0
4,44,0,0,6,0.0,0.0,"Dict{String, Real}(""n_edges"" => 0, ""density"" => 0.0, ""avg_degree"" => 0.0, ""n_nodes"" => 44, ""max_degree"" => 0)",0.3471889952153111,"Dict(:p25 => 7.75, :p75 => 20.25, :p50 => 12.5, :p90 => 26.700000000000003, :p99 => 31.0, :p95 => 28.85)",4.697628882841127,4.0,0.0
5,41,0,0,9,0.0,0.0,"Dict{String, Real}(""n_edges"" => 0, ""density"" => 0.0, ""avg_degree"" => 0.0, ""n_nodes"" => 41, ""max_degree"" => 0)",0.35891400511342875,"Dict(:p25 => 8.0, :p75 => 21.0, :p50 => 13.0, :p90 => 29.0, :p99 => 33.599999999999994, :p95 => 31.0)",4.199628573853255,5.0,0.0
6,38,0,0,12,0.0,0.0,"Dict{String, Real}(""n_edges"" => 0, ""density"" => 0.0, ""avg_degree"" => 0.0, ""n_nodes"" => 38, ""max_degree"" => 0)",0.3705809750506919,"Dict(:p25 => 7.25, :p75 => 22.75, :p50 => 13.5, :p90 => 31.300000000000004, :p99 => 36.25999999999999, :p95 => 33.3)",6.977276501347133,6.0,0.0
7,36,0,0,14,0.0,0.0,"Dict{String, Real}(""n_edges"" => 0, ""density"" => 0.0, ""avg_degree"" => 0.0, ""n_nodes"" => 36, ""max_degree"" => 0)",0.3757309941520468,"Dict(:p25 => 7.0, :p75 => 24.5, :p50 => 16.0, :p90 => 34.0, :p99 => 38.949999999999996, :p95 => 35.5)",5.830422693875749,7.0,0.0
8,34,0,0,16,0.0,0.0,"Dict{String, Real}(""n_edges"" => 0, ""density"" => 0.0, ""avg_degree"" => 0.0, ""n_nodes"" => 34, ""max_degree"" => 0)",0.37847550595801027,"Dict(:p25 => 7.0, :p75 => 28.0, :p50 => 16.5, :p90 => 36.7, :p99 => 41.67999999999998, :p95 => 37.7)",13.234042193193863,8.0,0.0
9,33,0,0,17,0.0,0.0,"Dict{String, Real}(""n_edges"" => 0, ""density"" => 0.0, ""avg_degree"" => 0.0, ""n_nodes"" => 33, ""max_degree"" => 0)",0.3860549064310821,"Dict(:p25 => 6.0, :p75 => 31.0, :p50 => 17.0, :p90 => 38.8, :p99 => 44.4, :p95 => 40.400000000000006)",9.761716009753046,9.0,0.0
10,33,0,0,17,0.0,0.0,"Dict{String, Real}(""n_edges"" => 0, ""density"" => 0.0, ""avg_degree"" => 0.0, ""n_nodes"" => 33, ""max_degree"" => 0)",0.4119549150036954,"Dict(:p25 => 5.0, :p75 => 32.0, :p50 => 18.0, :p90 => 40.8, :p99 => 47.08, :p95 => 43.0)",9.542876316655159,10.0,0.0
11,31,0,0,19,0.0,0.0,"Dict{String, Real}(""n_edges"" => 0, ""density"" => 0.0, ""avg_degree"" => 0.0, ""n_nodes"" => 31, ""max_degree"" => 0)",0.3996945982057645,"Dict(:p25 => 9.0, :p75 => 34.0, :p50 => 21.0, :p90 => 43.0, :p99 => 50.20000000000002, :p95 => 45.5)",9.360081372176083,11.0,0.0
12,30,0,0,20,0.0,0.0,"Dict{String, Real}(""n_edges"" => 0, ""density"" => 0.0, ""avg_degree"" => 0.0, ""n_nodes"" => 30, ""max_degree"" => 0)",0.39861707200762986,"Dict(:p25 => 12.0, :p75 => 36.25, :p50 => 22.0, :p90 => 45.2, :p99 => 53.260000000000005, :p95 => 48.10000000000001)",9.20520542186733,12.0,0.0
13,28,0,0,22,0.0,0.0,"Dict{String, Real}(""n_edges"" => 0, ""density"" => 0.0, ""avg_degree"" => 0.0, ""n_nodes"" => 28, ""max_degree"" => 0)",0.3736644242184408,"Dict(:p25 => 12.0, :p75 => 40.25, :p50 => 25.0, :p90 => 47.599999999999994, :p99 => 56.38, :p95 => 50.95)",11.387211955752143,13.0,0.0
14,26,0,0,24,0.0,0.0,"Dict{String, Real}(""n_edges"" => 0, ""density"" => 0.0, ""avg_degree"" => 0.0, ""n_nodes"" => 26, ""max_degree"" => 0)",0.3376068376068375,"Dict(:p25 => 13.25, :p75 => 44.75, :p50 => 27.0, :p90 => 50.00000000000001, :p99 => 59.25, :p95 => 53.250000000000014)",11.39731548422718,14.0,0.0
15,25,0,0,25,0.0,0.0,"Dict{String, Real}(""n_edges"" => 0, ""density"" => 0.0, ""avg_degree"" => 0.0, ""n_nodes"" => 25, ""max_degree"" => 0)",0.3188645161290322,"Dict(:p25 => 15.0, :p75 => 48.0, :p50 => 28.0, :p90 => 52.2, :p99 => 62.08000000000001, :p95 => 55.400000000000006)",11.408745020488338,15.0,0.0
16,25,0,0,25,0.0,0.0,"Dict{String, Real}(""n_edges"" => 0, ""density"" => 0.0, ""avg_degree"" => 0.0, ""n_nodes"" => 25, ""max_degree"" => 0)",0.32457711442786064,"Dict(:p25 => 16.0, :p75 => 50.0, :p50 => 29.0, :p90 => 54.2, :p99 => 64.84, :p95 => 57.400000000000006)",13.827698461114895,16.0,0.0
17,25,0,0,25,0.0,0.0,"Dict{String, Real}(""n_edges"" => 0, ""density"" => 0.0, ""avg_degree"" => 0.0, ""n_nodes"" => 25, ""max_degree"" => 0)",0.3299879951980791,"Dict(:p25 => 17.0, :p75 => 52.0, :p50 => 30.0, :p90 => 56.6, :p99 => 67.60000000000002, :p95 => 59.400000000000006)",13.092089008236588,17.0,0.0
18,28,3,0,25,12.5,0.0,"Dict{String, Real}(""n_edges"" => 2, ""density"" => 0.005291005291005291, ""avg_degree"" => 0.07142857142857142, ""n_nodes"" => 28, ""max_degree"" => 1)",0.33254521320723396,"Dict(:p25 => 17.0, :p75 => 45.75, :p50 => 30.0, :p90 => 53.65, :p99 => 68.41000000000001, :p95 => 55.300000000000004)",6.971598433931477,16.071428571428573,0.10714285714285698
19,33,8,0,25,19.5,0.6666666666666666,"Dict{String, Real}(""n_edges"" => 3, ""density"" => 0.005681818181818182, ""avg_degree"" => 0.12121212121212122, ""n_nodes"" => 33, ""max_degree"" => 1)",0.33703628210354664,"Dict(:p25 => 13.5, :p75 => 41.0, :p50 => 22.0, :p90 => 47.8, :p99 => 59.879999999999995, :p95 => 48.7)",11.408731186034673,14.484848484848484,0.23709902370990243
20,33,8,0,25,39.5,0.75,"Dict{String, Real}(""n_edges"" => 4, ""density"" => 0.007575757575757576, ""avg_degree"" => 0.18181818181818182, ""n_nodes"" => 33, ""max_degree"" => 1)",0.32330827067669166,"Dict(:p25 => 16.0, :p75 => 42.0, :p50 => 24.0, :p90 => 49.400000000000006, :p99 => 62.239999999999995, :p95 => 50.0)",12.465159122521097,15.484848484848484,0.2217873450750163
21,34,9,0,25,47.5,0.5,"Dict{String, Real}(""n_edges"" => 6, ""density"" => 0.0106951871657754, ""avg_degree"" => 0.2647058823529412, ""n_nodes"" => 34, ""max_degree"" => 1)",0.32280169799878733,"Dict(:p25 => 17.25, :p75 => 42.375, :p50 => 23.5, :p90 => 50.85, :p99 => 64.7299999999999, :p95 => 51.35)",13.653953335169621,16.0,0.2316176470588236
22,36,11,0,25,54.5,0.375,"Dict{String, Real}(""n_edges"" => 8, ""density"" => 0.012698412698412698, ""avg_degree"" => 0.3611111111111111, ""n_nodes"" => 36, ""max_degree"" => 2)",0.34209508015478174,"Dict(:p25 => 15.875, :p75 => 41.625, :p50 => 23.5, :p90 => 52.0, :p99 => 66.99999999999997, :p95 => 53.25)",6.954623253856856,16.055555555555557,0.2614379084967322
23,38,13,0,25,54.5,0.375,"Dict{String, Real}(""n_edges"" => 8, ""density"" => 0.011379800853485065, ""avg_degree"" => 0.34210526315789475, ""n_nodes"" => 38, ""max_degree"" => 2)",0.34008872756604136,"Dict(:p25 => 14.875, :p75 => 36.0, :p50 => 23.75, :p90 => 52.95, :p99 => 68.59999999999991, :p95 => 54.3)",6.087100937952853,16.157894736842106,0.28578775930053135
24,38,14,0,26,54.5,0.375,"Dict{String, Real}(""n_edges"" => 8, ""density"" => 0.011379800853485065, ""avg_degree"" => 0.34210526315789475, ""n_nodes"" => 38, ""max_degree"" => 2)",0.3286453047218596,"Dict(:p25 => 15.125, :p75 => 37.375, :p50 => 25.5, :p90 => 54.250000000000014, :p99 => 71.2299999999999, :p95 => 56.3)",6.347946873654643,16.526315789473685,0.29483741200134084
25,39,15,0,26,64.0,0.3333333333333333,"Dict{String, Real}(""n_edges"" => 8, ""density"" => 0.010796221322537112, ""avg_degree"" => 0.358974358974359, ""n_nodes"" => 39, ""max_degree"" => 2)",0.33604189237992066,"Dict(:p25 => 13.75, :p75 => 38.75, :p50 => 26.0, :p90 => 55.800000000000004, :p99 => 73.25999999999993, :p95 => 58.1)",6.7140751595355255,17.076923076923077,0.2965272965272967
26,40,16,0,26,64.0,0.4444444444444444,"Dict{String, Real}(""n_edges"" => 8, ""density"" => 0.010256410256410256, ""avg_degree"" => 0.35, ""n_nodes"" => 40, ""max_degree"" => 2)",0.35029787234042553,"Dict(:p25 => 14.375, :p75 => 40.125, :p50 => 27.0, :p90 => 57.55, :p99 => 74.63999999999999, :p95 => 58.099999999999994)",4.469741950637478,17.625,0.29812056737588666
27,40,16,0,26,64.0,0.4444444444444444,"Dict{String, Real}(""n_edges"" => 8, ""density"" => 0.010256410256410256, ""avg_degree"" => 0.35, ""n_nodes"" => 40, ""max_degree"" => 2)",0.3505131362889984,"Dict(:p25 => 15.875, :p75 => 41.375, :p50 => 29.0, :p90 => 58.550000000000004, :p99 => 76.85999999999999, :p95 => 60.05)",4.739347366736131,18.625,0.2821140939597315
28,41,17,0,26,62.0,0.875,"Dict{String, Real}(""n_edges"" => 7, ""density"" => 0.00853658536585366, ""avg_degree"" => 0.3170731707317073, ""n_nodes"" => 41, ""max_degree"" => 2)",0.3638904943551806,"Dict(:p25 => 15.5, :p75 => 42.0, :p50 => 30.0, :p90 => 61.0, :p99 => 78.79999999999984, :p95 => 62.0)",6.527533230136761,19.146341463414632,0.28559888146652157
29,45,21,0,26,62.0,0.875,"Dict{String, Real}(""n_edges"" => 7, ""density"" => 0.007070707070707071, ""avg_degree"" => 0.28888888888888886, ""n_nodes"" => 45, ""max_degree"" => 2)",0.37574776597538384,"Dict(:p25 => 14.5, :p75 => 42.0, :p50 => 23.5, :p90 => 56.7, :p99 => 80.23999999999987, :p95 => 63.160000000000004)",3.569700563973291,18.355555555555554,0.3361850955071295
30,47,24,0,27,55.0,0.8571428571428571,"Dict{String, Real}(""n_edges"" => 6, ""density"" => 0.005550416281221091, ""avg_degree"" => 0.23404255319148937, ""n_nodes"" => 47, ""max_degree"" => 2)",0.372586523784306,"Dict(:p25 => 14.25, :p75 => 42.25, :p50 => 23.0, :p90 => 57.65000000000003, :p99 => 81.19999999999997, :p95 => 64.14)",3.3755419797707953,17.893617021276597,0.3678498241708201
31,48,25,0,27,47.0,1.0,"Dict{String, Real}(""n_edges"" => 5, ""density"" => 0.004432624113475178, ""avg_degree"" => 0.16666666666666666, ""n_nodes"" => 48, ""max_degree"" => 2)",0.37372021703231906,"Dict(:p25 => 15.5, :p75 => 44.0, :p50 => 24.0, :p90 => 57.775000000000034, :p99 => 82.42999999999981, :p95 => 65.13)",3.790434674738609,18.5,0.3619557057057057
32,47,26,0,29,40.5,0.8,"Dict{String, Real}(""n_edges"" => 5, ""density"" => 0.004625346901017576, ""avg_degree"" => 0.19148936170212766, ""n_nodes"" => 47, ""max_degree"" => 2)",0.354366851158441,"Dict(:p25 => 16.0, :p75 => 44.5, :p50 => 26.0, :p90 => 60.45000000000004, :p99 => 84.27999999999997, :p95 => 66.14)",3.739432864975654,18.5531914893617,0.36843646300995525
33,47,27,0,30,33.5,0.6666666666666666,"Dict{String, Real}(""n_edges"" => 3, ""density"" => 0.0027752081406105457, ""avg_degree"" => 0.10638297872340426, ""n_nodes"" => 47, ""max_degree"" => 1)",0.34739773782232275,"Dict(:p25 => 16.5, :p75 => 46.5, :p50 => 27.0, :p90 => 61.53000000000003, :p99 => 85.81999999999996, :p95 => 66.85)",4.139985064807013,18.851063829787233,0.36871427885308106
34,47,27,0,30,33.5,0.6666666666666666,"Dict{String, Real}(""n_edges"" => 3, ""density"" => 0.0027752081406105457, ""avg_degree"" => 0.10638297872340426, ""n_nodes"" => 47, ""max_degree"" => 1)",0.3453334841111144,"Dict(:p25 => 17.5, :p75 => 48.0, :p50 => 29.0, :p90 => 63.53000000000003, :p99 => 87.81999999999996, :p95 => 68.35)",4.452017863588463,19.851063829787233,0.35014024765683804
35,51,31,0,30,36.5,0.5,"Dict{String, Real}(""n_edges"" => 4, ""density"" => 0.003137254901960784, ""avg_degree"" => 0.11764705882352941, ""n_nodes"" => 51, ""max_degree"" => 1)",0.34814896444742316,"Dict(:p25 => 17.0, :p75 => 45.5, :p50 => 27.55, :p90 => 59.0, :p99 => 82.25, :p95 => 68.6)",5.56812265849219,19.215686274509803,0.38563425370148074
36,54,34,0,30,36.5,0.5,"Dict{String, Real}(""n_edges"" => 4, ""density"" => 0.002795248078266946, ""avg_degree"" => 0.1111111111111111, ""n_nodes"" => 54, ""max_degree"" => 1)",0.3590327820777688,"Dict(:p25 => 17.0, :p75 => 43.625, :p50 => 26.0, :p90 => 59.500000000000014, :p99 => 78.37499999999999, :p95 => 69.48)",6.292248551265068,19.09259259259259,0.40174947012968354
37,56,36,0,30,42.5,0.4,"Dict{String, Real}(""n_edges"" => 5, ""density"" => 0.003246753246753247, ""avg_degree"" => 0.14285714285714285, ""n_nodes"" => 56, ""max_degree"" => 1)",0.34912988575849235,"Dict(:p25 => 17.75, :p75 => 40.125, :p50 => 26.25, :p90 => 56.625, :p99 => 80.12499999999994, :p95 => 70.4)",5.12699607027607,19.375,0.4038347597103358
38,57,38,0,31,23.5,0.2,"Dict{String, Real}(""n_edges"" => 5, ""density"" => 0.003132832080200501, ""avg_degree"" => 0.14035087719298245, ""n_nodes"" => 57, ""max_degree"" => 2)",0.33115243593462096,"Dict(:p25 => 17.5, :p75 => 41.5, :p50 => 27.0, :p90 => 58.6, :p99 => 77.16, :p95 => 71.36000000000001)",5.608208629358452,19.350877192982455,0.40966423311224576
39,60,41,0,31,29.0,0.14285714285714285,"Dict{String, Real}(""n_edges"" => 7, ""density"" => 0.0039548022598870055, ""avg_degree"" => 0.18333333333333332, ""n_nodes"" => 60, ""max_degree"" => 2)",0.33255936980430856,"Dict(:p25 => 17.875, :p75 => 41.675, :p50 => 26.5, :p90 => 60.150000000000006, :p99 => 79.115, :p95 => 73.00999999999999)",3.448464508363146,19.333333333333332,0.4200574712643679
40,63,44,0,31,31.0,0.25,"Dict{String, Real}(""n_edges"" => 8, ""density"" => 0.00409626216077829, ""avg_degree"" => 0.20634920634920634, ""n_nodes"" => 63, ""max_degree"" => 2)",0.3245799548488921,"Dict(:p25 => 18.25, :p75 => 39.2, :p50 => 26.2, :p90 => 56.95, :p99 => 80.44999999999999, :p95 => 72.99999999999999)",3.267205981437668,19.365079365079364,0.4279989591465001
41,69,50,0,31,31.0,0.25,"Dict{String, Real}(""n_edges"" => 8, ""density"" => 0.0034100596760443308, ""avg_degree"" => 0.18840579710144928, ""n_nodes"" => 69, ""max_degree"" => 2)",0.3065602004070771,"Dict(:p25 => 17.5, :p75 => 35.0, :p50 => 26.0, :p90 => 54.400000000000006, :p99 => 77.89600000000004, :p95 => 63.20000000000002)",3.961783703927628,18.594202898550726,0.45854936911902566
42,77,58,0,31,51.4,0.18181818181818182,"Dict{String, Real}(""n_edges"" => 10, ""density"" => 0.003417634996582365, ""avg_degree"" => 0.2077922077922078, ""n_nodes"" => 77, ""max_degree"" => 2)",0.2997074674630449,"Dict(:p25 => 17.0, :p75 => 32.0, :p50 => 23.0, :p90 => 48.39999999999999, :p99 => 76.52800000000002, :p95 => 60.20000000000002)",2.7501913824726434,17.558441558441558,0.4938330899869363
43,83,64,0,31,68.4,0.15384615384615385,"Dict{String, Real}(""n_edges"" => 12, ""density"" => 0.003526300323244196, ""avg_degree"" => 0.24096385542168675, ""n_nodes"" => 83, ""max_degree"" => 2)",0.2942508636161827,"Dict(:p25 => 17.75, :p75 => 30.75, :p50 => 22.5, :p90 => 47.699999999999996, :p99 => 77.57600000000002, :p95 => 60.17500000000003)",2.4130453109635552,17.216867469879517,0.5057374353958872
44,85,67,0,32,86.4,0.3125,"Dict{String, Real}(""n_edges"" => 14, ""density"" => 0.00392156862745098, ""avg_degree"" => 0.2823529411764706, ""n_nodes"" => 85, ""max_degree"" => 3)",0.28613040504307197,"Dict(:p25 => 18.5, :p75 => 31.0, :p50 => 23.5, :p90 => 48.999999999999986, :p99 => 79.51200000000003, :p95 => 61.59999999999998)",2.401891896795141,17.51764705882353,0.4994903804369297
45,88,70,0,32,101.6,0.2222222222222222,"Dict{String, Real}(""n_edges"" => 16, ""density"" => 0.0041797283176593526, ""avg_degree"" => 0.3068181818181818, ""n_nodes"" => 88, ""max_degree"" => 3)",0.2824764574857934,"Dict(:p25 => 19.0, :p75 => 32.05, :p50 => 24.5, :p90 => 47.66, :p99 => 80.30400000000002, :p95 => 60.98750000000006)",2.8620849599453546,17.886363636363637,0.4904990181356128
46,91,74,0,33,93.30000000000001,0.2777777777777778,"Dict{String, Real}(""n_edges"" => 15, ""density"" => 0.003663003663003663, ""avg_degree"" => 0.3076923076923077, ""n_nodes"" => 91, ""max_degree"" => 3)",0.28510787036435103,"Dict(:p25 => 18.375, :p75 => 32.75, :p50 => 25.0, :p90 => 49.3, :p99 => 81.38000000000002, :p95 => 58.825)",2.830584544259542,17.75824175824176,0.4897318028506148
47,92,75,0,33,98.80000000000001,0.35,"Dict{String, Real}(""n_edges"" => 17, ""density"" => 0.004061156235069279, ""avg_degree"" => 0.34782608695652173, ""n_nodes"" => 92, ""max_degree"" => 4)",0.27914657156491196,"Dict(:p25 => 18.375, :p75 => 34.5, :p50 => 26.25, :p90 => 40.48, :p99 => 83.36200000000001, :p95 => 61.01500000000002)",2.9245775040597675,18.554347826086957,0.469454420417208
48,94,77,0,33,104.30000000000001,0.2727272727272727,"Dict{String, Real}(""n_edges"" => 18, ""density"" => 0.004118050789293068, ""avg_degree"" => 0.3829787234042553, ""n_nodes"" => 94, ""max_degree"" => 5)",0.28328573004860624,"Dict(:p25 => 19.0, :p75 => 33.9375, :p50 => 27.25, :p90 => 42.06, :p99 => 82.35000000000004, :p95 => 62.14500000000007)",3.1781174232334446,19.138297872340427,0.4572457511856467
49,98,82,0,34,102.30000000000001,0.25,"Dict{String, Real}(""n_edges"" => 16, ""density"" => 0.003366294971596886, ""avg_degree"" => 0.32653061224489793, ""n_nodes"" => 98, ""max_degree"" => 4)",0.28521814407420965,"Dict(:p25 => 19.0, :p75 => 34.0, :p50 => 26.75, :p90 => 43.38999999999999, :p99 => 83.18, :p95 => 62.32000000000005)",2.901866965921405,19.0,0.4656173962603303
50,106,90,0,34,106.05000000000001,0.2857142857142857,"Dict{String, Real}(""n_edges"" => 18, ""density"" => 0.003234501347708895, ""avg_degree"" => 0.32075471698113206, ""n_nodes"" => 106, ""max_degree"" => 4)",0.29536932577644204,"Dict(:p25 => 17.03125, :p75 => 32.75, :p50 => 24.875, :p90 => 40.75, :p99 => 83.76000000000002, :p95 => 62.525)",3.0615420066381116,18.49056603773585,0.4844243357720446
51,108,92,0,34,109.05000000000001,0.22727272727272727,"Dict{String, Real}(""n_edges"" => 19, ""density"" => 0.0032883350640359986, ""avg_degree"" => 0.32407407407407407, ""n_nodes"" => 108, ""max_degree"" => 4)",0.29686644252877725,"Dict(:p25 => 16.8125, :p75 => 34.75, :p50 => 25.625, :p90 => 42.65, :p99 => 84.66400000000003, :p95 => 63.685)",3.188510307773224,19.12962962962963,0.4695780000717076
52,109,93,0,34,99.2,0.25,"Dict{String, Real}(""n_edges"" => 19, ""density"" => 0.0032279986408426777, ""avg_degree"" => 0.30275229357798167, ""n_nodes"" => 109, ""max_degree"" => 3)",0.3042982924548312,"Dict(:p25 => 17.25, :p75 => 36.5, :p50 => 26.0, :p90 => 45.00000000000001, :p99 => 85.61600000000001, :p95 => 66.64400000000002)",3.1069209200700105,19.94495412844037,0.45133057063038584
53,110,95,0,35,84.7,0.21052631578947367,"Dict{String, Real}(""n_edges"" => 18, ""density"" => 0.0030025020850708924, ""avg_degree"" => 0.2818181818181818, ""n_nodes"" => 110, ""max_degree"" => 4)",0.30673982994629756,"Dict(:p25 => 18.0, :p75 => 38.5, :p50 => 26.875, :p90 => 46.749999999999986, :p99 => 86.56800000000005, :p95 => 67.50700000000003)",3.1287961962583317,20.509090909090908,0.4421744036105739
54,115,100,0,35,75.7,0.2777777777777778,"Dict{String, Real}(""n_edges"" => 17, ""density"" => 0.002593440122044241, ""avg_degree"" => 0.2608695652173913, ""n_nodes"" => 115, ""max_degree"" => 4)",0.3275152574807081,"Dict(:p25 => 16.5, :p75 => 39.975, :p50 => 27.0, :p90 => 47.0, :p99 => 87.328, :p95 => 68.12200000000004)",3.3965913833359673,20.57391304347826,0.44676393840273443
55,117,102,0,35,79.7,0.23529411764705882,"Dict{String, Real}(""n_edges"" => 16, ""density"" => 0.002357795461243737, ""avg_degree"" => 0.2564102564102564, ""n_nodes"" => 117, ""max_degree"" => 4)",0.32432892712950245,"Dict(:p25 => 17.0, :p75 => 41.45, :p50 => 28.0, :p90 => 49.0, :p99 => 88.23200000000001, :p95 => 69.60000000000001)",3.6010451602310876,21.205128205128204,0.4358664310296716
56,118,103,0,35,87.0,0.2222222222222222,"Dict{String, Real}(""n_edges"" => 17, ""density"" => 0.002462697377951615, ""avg_degree"" => 0.2627118644067797, ""n_nodes"" => 118, ""max_degree"" => 4)",0.3255687912114338,"Dict(:p25 => 17.75, :p75 => 42.275000000000006, :p50 => 27.25, :p90 => 50.218999999999994, :p99 => 89.184, :p95 => 71.45000000000002)",3.78528468627204,22.016949152542374,0.42118448350099813
57,122,107,0,35,85.5,0.35294117647058826,"Dict{String, Real}(""n_edges"" => 17, ""density"" => 0.002303210947026148, ""avg_degree"" => 0.23770491803278687, ""n_nodes"" => 122, ""max_degree"" => 4)",0.336570973537174,"Dict(:p25 => 17.1875, :p75 => 43.4875, :p50 => 27.0, :p90 => 49.949999999999996, :p99 => 89.99200000000003, :p95 => 70.85000000000001)",3.7844775522816505,22.262295081967213,0.4224631207899756
58,124,109,0,35,80.0,0.3333333333333333,"Dict{String, Real}(""n_edges"" => 15, ""density"" => 0.001966955153422502, ""avg_degree"" => 0.20161290322580644, ""n_nodes"" => 124, ""max_degree"" => 4)",0.33770312770130384,"Dict(:p25 => 16.9375, :p75 => 44.1125, :p50 => 27.125, :p90 => 50.85, :p99 => 90.89600000000004, :p95 => 71.70000000000002)",3.9414545169892836,22.887096774193548,0.4139102957557572
59,135,120,0,35,80.25,0.4,"Dict{String, Real}(""n_edges"" => 15, ""density"" => 0.001658374792703151, ""avg_degree"" => 0.17777777777777778, ""n_nodes"" => 135, ""max_degree"" => 3)",0.3438543772514371,"Dict(:p25 => 15.625, :p75 => 40.75, :p50 => 24.25, :p90 => 50.75, :p99 => 91.36799999999998, :p95 => 66.58000000000013)",4.107989042856295,21.94074074074074,0.44574986870733
60,141,130,4,35,161.2,0.5925925925925926,"Dict{String, Real}(""n_edges"" => 27, ""density"" => 0.002735562310030395, ""avg_degree"" => 0.24113475177304963, ""n_nodes"" => 141, ""max_degree"" => 3)",0.34489809190825915,"Dict(:p25 => 16.0, :p75 => 38.0, :p50 => 24.0, :p90 => 49.75, :p99 => 92.79999999999998, :p95 => 70.90000000000019)",3.1306498408151975,20.26241134751773,0.46371112881885246
61,148,137,4,35,164.64999999999998,0.5714285714285714,"Dict{String, Real}(""n_edges"" => 28, ""density"" => 0.002574002574002574, ""avg_degree"" => 0.24324324324324326, ""n_nodes"" => 148, ""max_degree"" => 3)",0.3531223857924011,"Dict(:p25 => 16.0, :p75 => 38.8125, :p50 => 21.9, :p90 => 49.70900000000001, :p99 => 94.06, :p95 => 69.96000000000029)",3.0160161581819387,20.256756756756758,0.4682986856102267
62,157,149,5,37,170.175,0.5666666666666667,"Dict{String, Real}(""n_edges"" => 30, ""density"" => 0.002449779519843214, ""avg_degree"" => 0.2484076433121019, ""n_nodes"" => 157, ""max_degree"" => 3)",0.34558466903272245,"Dict(:p25 => 16.0, :p75 => 34.75, :p50 => 21.0, :p90 => 48.405, :p99 => 95.44, :p95 => 67.38000000000017)",2.9822275231317157,18.96815286624204,0.48685690819726823
63,170,162,5,37,208.925,0.5,"Dict{String, Real}(""n_edges"" => 34, ""density"" => 0.002366863905325444, ""avg_degree"" => 0.2823529411764706, ""n_nodes"" => 170, ""max_degree"" => 3)",0.33768574564111087,"Dict(:p25 => 15.40625, :p75 => 30.43125, :p50 => 20.125, :p90 => 46.67999999999999, :p99 => 96.31, :p95 => 59.44500000000006)",2.489452910193811,18.441176470588236,0.5035800731775963
64,179,171,5,37,215.425,0.5135135135135135,"Dict{String, Real}(""n_edges"" => 35, ""density"" => 0.0021969744523256543, ""avg_degree"" => 0.27932960893854747, ""n_nodes"" => 179, ""max_degree"" => 4)",0.33565846346886086,"Dict(:p25 => 15.5, :p75 => 29.4375, :p50 => 20.0, :p90 => 45.27499999999997, :p99 => 98.0, :p95 => 58.34000000000013)",2.279332484790889,18.463687150837988,0.5039393504001892
65,186,178,5,37,212.675,0.5365853658536586,"Dict{String, Real}(""n_edges"" => 39, ""density"" => 0.002266782911944202, ""avg_degree"" => 0.3010752688172043, ""n_nodes"" => 186, ""max_degree"" => 4)",0.3423010494357457,"Dict(:p25 => 15.09375, :p75 => 29.0, :p50 => 20.0, :p90 => 44.875, :p99 => 99.14999999999998, :p95 => 57.54375000000002)",2.3805964334423955,18.731182795698924,0.49769144352678296
66,193,185,5,37,241.7425,0.4782608695652174,"Dict{String, Real}(""n_edges"" => 43, ""density"" => 0.002320811744386874, ""avg_degree"" => 0.34196891191709844, ""n_nodes"" => 193, ""max_degree"" => 4)",0.34885112112304495,"Dict(:p25 => 14.25, :p75 => 28.25, :p50 => 19.5, :p90 => 45.500000000000014, :p99 => 100.07999999999998, :p95 => 58.29000000000002)",2.246761811002192,19.015544041450777,0.49160113509621484
67,198,191,6,37,268.19249999999994,0.5,"Dict{String, Real}(""n_edges"" => 46, ""density"" => 0.002358611495667333, ""avg_degree"" => 0.36363636363636365, ""n_nodes"" => 198, ""max_degree"" => 5)",0.35139394073436114,"Dict(:p25 => 13.5625, :p75 => 26.375, :p50 => 19.6875, :p90 => 44.825, :p99 => 100.06, :p95 => 55.600000000000136)",2.321582151785538,19.171717171717173,0.48151962193058084
68,200,195,7,38,216.70999999999998,0.2978723404255319,"Dict{String, Real}(""n_edges"" => 42, ""density"" => 0.0021105527638190956, ""avg_degree"" => 0.35, ""n_nodes"" => 200, ""max_degree"" => 6)",0.34297187252198413,"Dict(:p25 => 14.4375, :p75 => 27.0, :p50 => 20.25, :p90 => 45.074999999999996, :p99 => 101.01999999999998, :p95 => 56.200000000000045)",2.169394350828498,19.29,0.4644971487817524
69,209,205,8,38,243.7975,0.3018867924528302,"Dict{String, Real}(""n_edges"" => 48, ""density"" => 0.002208317997791682, ""avg_degree"" => 0.3827751196172249, ""n_nodes"" => 209, ""max_degree"" => 6)",0.3457652962801778,"Dict(:p25 => 13.5, :p75 => 26.25, :p50 => 19.25, :p90 => 42.093999999999994, :p99 => 101.77599999999997, :p95 => 56.23000000000003)",2.2060355179161784,19.086124401913874,0.4660591746921259
70,213,209,8,38,235.0475,0.37037037037037035,"Dict{String, Real}(""n_edges"" => 49, ""density"" => 0.002170254229781203, ""avg_degree"" => 0.38497652582159625, ""n_nodes"" => 213, ""max_degree"" => 6)",0.35517773564988664,"Dict(:p25 => 13.75, :p75 => 27.25, :p50 => 19.5, :p90 => 43.376000000000005, :p99 => 102.66399999999999, :p95 => 58.20500000000007)",2.1731115878494505,19.708920187793428,0.45331892897802883
71,219,215,8,38,245.3975,0.3103448275862069,"Dict{String, Real}(""n_edges"" => 49, ""density"" => 0.00205269992878388, ""avg_degree"" => 0.4018264840182648, ""n_nodes"" => 219, ""max_degree"" => 6)",0.3529463044258345,"Dict(:p25 => 13.75, :p75 => 27.325, :p50 => 19.25, :p90 => 44.025, :p99 => 102.67599999999999, :p95 => 56.679500000000075)",2.002481255850429,20.141552511415526,0.4470061873129547
72,226,223,8,39,249.39749999999998,0.375,"Dict{String, Real}(""n_edges"" => 54, ""density"" => 0.0021238938053097347, ""avg_degree"" => 0.43805309734513276, ""n_nodes"" => 226, ""max_degree"" => 5)",0.35347817065337095,"Dict(:p25 => 13.75, :p75 => 27.6625, :p50 => 19.25, :p90 => 45.0625, :p99 => 100.525, :p95 => 56.35000000000004)",2.072918886812853,20.446902654867255,0.44589915602683416
73,239,236,8,39,250.81500000000003,0.40298507462686567,"Dict{String, Real}(""n_edges"" => 58, ""density"" => 0.002039309447628424, ""avg_degree"" => 0.4351464435146444, ""n_nodes"" => 239, ""max_degree"" => 4)",0.3572805367618501,"Dict(:p25 => 13.25, :p75 => 27.2625, :p50 => 18.999999999999996, :p90 => 44.31499999999998, :p99 => 98.70599999999973, :p95 => 55.39500000000003)",2.310615889768128,20.280334728033473,0.45637857346950583
74,247,244,8,39,255.365,0.463768115942029,"Dict{String, Real}(""n_edges"" => 60, ""density"" => 0.0019749185346104475, ""avg_degree"" => 0.4251012145748988, ""n_nodes"" => 247, ""max_degree"" => 4)",0.3624009361202305,"Dict(:p25 => 12.8125, :p75 => 27.8125, :p50 => 18.75, :p90 => 39.58800000000002, :p99 => 98.80199999999991, :p95 => 56.175000000000004)",2.4817281373883775,20.591093117408906,0.45323432905443384
75,252,250,8,40,272.4225,0.3939393939393939,"Dict{String, Real}(""n_edges"" => 56, ""density"" => 0.0017706949977866313, ""avg_degree"" => 0.39285714285714285, ""n_nodes"" => 252, ""max_degree"" => 4)",0.3579484837864344,"Dict(:p25 => 12.96875, :p75 => 27.40625, :p50 => 18.75, :p90 => 39.2275, :p99 => 97.17899999999986, :p95 => 54.656250000000014)",2.4988568080367255,21.03968253968254,0.4468140204654727
76,260,260,9,41,297.75499999999994,0.3,"Dict{String, Real}(""n_edges"" => 68, ""density"" => 0.0020196020196020198, ""avg_degree"" => 0.45, ""n_nodes"" => 260, ""max_degree"" => 5)",0.3603550265789768,"Dict(:p25 => 12.96875, :p75 => 27.28125, :p50 => 17.75, :p90 => 38.8, :p99 => 89.44236249999972, :p95 => 55.40625000000003)",2.7663187368643767,20.953846153846154,0.4474161301253812
77,269,269,9,41,304.605,0.3103448275862069,"Dict{String, Real}(""n_edges"" => 72, ""density"" => 0.0019974477057093714, ""avg_degree"" => 0.4646840148698885, ""n_nodes"" => 269, ""max_degree"" => 5)",0.36504473050306263,"Dict(:p25 => 12.5, :p75 => 26.875, :p50 => 17.375, :p90 => 38.62999999999999, :p99 => 89.64034999999993, :p95 => 55.020000000000024)",2.5857937394100876,21.219330855018587,0.44620606831082976
78,279,282,10,43,374.3125,0.29,"Dict{String, Real}(""n_edges"" => 85, ""density"" => 0.0021917949511358653, ""avg_degree"" => 0.5268817204301075, ""n_nodes"" => 279, ""max_degree"" => 5)",0.35427363626991415,"Dict(:p25 => 12.75, :p75 => 25.375, :p50 => 17.375, :p90 => 37.004999999999995, :p99 => 78.73587499999965, :p95 => 54.03000000000001)",2.44215266083138,20.982078853046595,0.4540570856186317
79,295,300,11,44,428.42575000000005,0.2894736842105263,"Dict{String, Real}(""n_edges"" => 99, ""density"" => 0.002282947077135939, ""avg_degree"" => 0.5457627118644067, ""n_nodes"" => 295, ""max_degree"" => 5)",0.35344678393885953,"Dict(:p25 => 12.875, :p75 => 23.6, :p50 => 16.625, :p90 => 36.900000000000006, :p99 => 88.951425, :p95 => 54.0)",2.263057327197021,20.48813559322034,0.4683047482304905
80,308,313,11,44,455.30075000000005,0.28,"Dict{String, Real}(""n_edges"" => 108, ""density"" => 0.0022843605905495156, ""avg_degree"" => 0.577922077922078, ""n_nodes"" => 308, ""max_degree"" => 6)",0.3527990523093445,"Dict(:p25 => 12.75, :p75 => 22.8125, :p50 => 16.4375, :p90 => 37.2875, :p99 => 88.90631250000007, :p95 => 52.550500000000014)",2.274266205283917,20.58116883116883,0.4698726498300563
81,324,330,11,45,540.3971250000001,0.3157894736842105,"Dict{String, Real}(""n_edges"" => 134, ""density"" => 0.0025608684019416735, ""avg_degree"" => 0.6790123456790124, ""n_nodes"" => 324, ""max_degree"" => 10)",0.35498691115077396,"Dict(:p25 => 11.84375, :p75 => 21.5, :p50 => 16.0, :p90 => 35.150000000000034, :p99 => 86.1529624999998, :p95 => 46.93625000000003)",2.302847752151845,20.354938271604937,0.4771539419125974
82,339,346,11,46,583.7861875000001,0.3212121212121212,"Dict{String, Real}(""n_edges"" => 144, ""density"" => 0.002513483793265958, ""avg_degree"" => 0.6991150442477876, ""n_nodes"" => 339, ""max_degree"" => 10)",0.3531679254646043,"Dict(:p25 => 11.725, :p75 => 21.0, :p50 => 16.0, :p90 => 31.996000000000002, :p99 => 83.40935000000003, :p95 => 48.30000000000003)",2.300491543074588,20.327433628318584,0.4813554852659341
83,342,356,13,51,622.8639999999999,0.25906735751295334,"Dict{String, Real}(""n_edges"" => 161, ""density"" => 0.002761057090428907, ""avg_degree"" => 0.8333333333333334, ""n_nodes"" => 342, ""max_degree"" => 10)",0.3420183532724834,"Dict(:p25 => 11.703125, :p75 => 21.125, :p50 => 16.0625, :p90 => 31.920500000000025, :p99 => 78.46767499999989, :p95 => 41.89875000000011)",2.329883400771302,20.049707602339183,0.4736334662917563
84,350,369,14,55,871.6421249999997,0.2777777777777778,"Dict{String, Real}(""n_edges"" => 221, ""density"" => 0.003618501841997544, ""avg_degree"" => 1.1457142857142857, ""n_nodes"" => 350, ""max_degree"" => 13)",0.33771973932929855,"Dict(:p25 => 11.78125, :p75 => 21.09375, :p50 => 16.0625, :p90 => 30.53750000000001, :p99 => 78.62307499999997, :p95 => 40.82000000000005)",2.462233706334178,19.86285714285714,0.47186749958901864
85,359,380,14,57,910.9171249999997,0.254416961130742,"Dict{String, Real}(""n_edges"" => 231, ""density"" => 0.0035947153016604163, ""avg_degree"" => 1.158774373259053, ""n_nodes"" => 359, ""max_degree"" => 13)",0.3383032053049606,"Dict(:p25 => 11.65625, :p75 => 20.75, :p50 => 15.875, :p90 => 30.05000000000001, :p99 => 81.85660000000001, :p95 => 39.0125)",2.395928392940499,20.158774373259053,0.4661706342714995
86,365,389,14,60,928.2921249999997,0.2857142857142857,"Dict{String, Real}(""n_edges"" => 239, ""density"" => 0.0035977720909227758, ""avg_degree"" => 1.1561643835616437, ""n_nodes"" => 365, ""max_degree"" => 13)",0.3408621030249648,"Dict(:p25 => 11.375, :p75 => 21.0, :p50 => 15.875, :p90 => 30.400000000000006, :p99 => 82.76030000000002, :p95 => 38.28900000000001)",2.52021175968092,20.484931506849314,0.4583187528512094
87,377,405,14,64,893.0110312499997,0.28169014084507044,"Dict{String, Real}(""n_edges"" => 234, ""density"" => 0.003301540719002201, ""avg_degree"" => 1.0875331564986737, ""n_nodes"" => 377, ""max_degree"" => 13)",0.3382241506162533,"Dict(:p25 => 11.243749999999999, :p75 => 20.625, :p50 => 15.5, :p90 => 29.275000000000013, :p99 => 85.06230000000001, :p95 => 37.23100000000007)",2.508982243303551,20.392572944297083,0.46186140100525264
88,382,416,16,68,903.0271249999996,0.3087719298245614,"Dict{String, Real}(""n_edges"" => 237, ""density"" => 0.003256791853897844, ""avg_degree"" => 1.0628272251308901, ""n_nodes"" => 382, ""max_degree"" => 11)",0.3394445624880149,"Dict(:p25 => 11.201562499999998, :p75 => 20.374453125, :p50 => 15.5, :p90 => 29.01250000000004, :p99 => 81.42484999999998, :p95 => 41.43125000000006)",2.359671122258481,20.340314136125656,0.45516249233526707
89,390,428,18,70,908.6065312499996,0.3485915492957746,"Dict{String, Real}(""n_edges"" => 236, ""density"" => 0.003111198998088458, ""avg_degree"" => 1.0538461538461539, ""n_nodes"" => 390, ""max_degree"" => 13)",0.3364530315728369,"Dict(:p25 => 11.14375, :p75 => 20.625, :p50 => 15.5, :p90 => 28.0, :p99 => 71.38417500000004, :p95 => 39.83250000000001)",2.5648223289383085,20.294871794871796,0.4487736689505484
90,403,443,18,72,953.1464531249998,0.30132450331125826,"Dict{String, Real}(""n_edges"" => 256, ""density"" => 0.0031603767761687837, ""avg_degree"" => 1.064516129032258, ""n_nodes"" => 403, ""max_degree"" => 9)",0.3400187308503557,"Dict(:p25 => 10.3875, :p75 => 20.6875, :p50 => 15.0, :p90 => 27.875000000000004, :p99 => 67.93289999999988, :p95 => 40.35000000000001)",2.5748275919449184,20.411910669975185,0.4497366276147954
91,410,454,19,75,953.6859765625,0.2828282828282828,"Dict{String, Real}(""n_edges"" => 252, ""density"" => 0.0030055459478800168, ""avg_degree"" => 1.0195121951219512, ""n_nodes"" => 410, ""max_degree"" => 9)",0.3392572063972499,"Dict(:p25 => 10.375, :p75 => 20.875, :p50 => 14.89, :p90 => 28.012500000000003, :p99 => 67.6980499999999, :p95 => 40.2625)",2.6246020659270104,20.521951219512196,0.4425713242157381
92,410,462,20,82,1000.6268359375001,0.26644736842105265,"Dict{String, Real}(""n_edges"" => 267, ""density"" => 0.003184447492396684, ""avg_degree"" => 1.051219512195122, ""n_nodes"" => 410, ""max_degree"" => 12)",0.33538170774554676,"Dict(:p25 => 10.552499999999998, :p75 => 21.16875, :p50 => 14.78125, :p90 => 28.162062500000008, :p99 => 67.84840624999994, :p95 => 41.44484667968753)",2.716242512890711,20.71219512195122,0.4309065634226761
93,415,470,22,83,1184.5400781250005,0.2962962962962963,"Dict{String, Real}(""n_edges"" => 291, ""density"" => 0.0033874628950584947, ""avg_degree"" => 1.1036144578313254, ""n_nodes"" => 415, ""max_degree"" => 11)",0.3411424776139149,"Dict(:p25 => 10.475, :p75 => 21.39375, :p50 => 14.75, :p90 => 28.297375000000013, :p99 => 67.79161875000003, :p95 => 42.97412304687503)",2.7107915683891317,20.920481927710842,0.4174336600028308
94,429,486,22,85,1218.4327578125008,0.3383233532934132,"Dict{String, Real}(""n_edges"" => 301, ""density"" => 0.0032786528113630917, ""avg_degree"" => 1.1002331002331003, ""n_nodes"" => 429, ""max_degree"" => 11)",0.33626810605364676,"Dict(:p25 => 10.375, :p75 => 20.625, :p50 => 14.625, :p90 => 27.650000000000006, :p99 => 66.60763750000001, :p95 => 39.275000000000105)",2.875713869353346,21.032634032634032,0.4216114891056706
95,436,493,22,85,1242.8635390625004,0.3659942363112392,"Dict{String, Real}(""n_edges"" => 313, ""density"" => 0.0033006432563534747, ""avg_degree"" => 1.1330275229357798, ""n_nodes"" => 436, ""max_degree"" => 11)",0.34311298651555,"Dict(:p25 => 10.215976562499998, :p75 => 20.953125, :p50 => 14.8125, :p90 => 27.93750000000002, :p99 => 67.598296875, :p95 => 36.56250000000007)",2.8532737147062273,21.678899082568808,0.41206899563996946
96,436,501,24,91,1253.4665703125004,0.32122905027932963,"Dict{String, Real}(""n_edges"" => 322, ""density"" => 0.00339554993145629, ""avg_degree"" => 1.194954128440367, ""n_nodes"" => 436, ""max_degree"" => 15)",0.33646907810204607,"Dict(:p25 => 10.49921875, :p75 => 21.03125, :p50 => 15.1296875, :p90 => 27.87500000000003, :p99 => 67.82904687499999, :p95 => 34.90000000000008)",2.9120818357110108,21.908256880733944,0.4056324243541869
97,450,518,24,94,1326.8519765625003,0.3577023498694517,"Dict{String, Real}(""n_edges"" => 344, ""density"" => 0.003405097748082158, ""avg_degree"" => 1.2377777777777779, ""n_nodes"" => 450, ""max_degree"" => 15)",0.33241919796488606,"Dict(:p25 => 10.25, :p75 => 20.75, :p50 => 14.90625, :p90 => 26.540625000000002, :p99 => 68.27786249999998, :p95 => 32.61875000000008)",3.178830840110678,21.988888888888887,0.41254842513053736
98,465,538,25,98,1318.5619140625,0.4065040650406504,"Dict{String, Real}(""n_edges"" => 322, ""density"" => 0.002984797923618836, ""avg_degree"" => 1.1716738197424892, ""n_nodes"" => 465, ""max_degree"" => 12)",0.33130414383306217,"Dict(:p25 => 10.0625, :p75 => 20.1875, :p50 => 14.75, :p90 => 26.10000000000001, :p99 => 68.6968, :p95 => 31.740183593750082)",3.1271837789798234,21.703225806451613,0.4200959772245876
99,472,552,25,105,1417.7894970703128,0.380352644836272,"Dict{String, Real}(""n_edges"" => 344, ""density"" => 0.0030947497211126704, ""avg_degree"" => 1.2494714587737843, ""n_nodes"" => 472, ""max_degree"" => 12)",0.32809611347374945,"Dict(:p25 => 10.0, :p75 => 20.0, :p50 => 14.75, :p90 => 25.84500000000001, :p99 => 63.49551718749974, :p95 => 30.167187500000004)",3.164916537721667,21.838983050847457,0.4218231026749011
100,482,566,25,109,1471.0190352539064,0.3925,"Dict{String, Real}(""n_edges"" => 344, ""density"" => 0.002967538237247781, ""avg_degree"" => 1.2277432712215322, ""n_nodes"" => 482, ""max_degree"" => 12)",0.3275147696510361,"Dict(:p25 => 10.0, :p75 => 19.75, :p50 => 14.53125, :p90 => 25.625, :p99 => 63.60490781249998, :p95 => 30.11390429687501)",3.075890681809161,22.08298755186722,0.421920050023312
101,492,580,26,112,1613.1866852539056,0.36261261261261263,"Dict{String, Real}(""n_edges"" => 377, ""density"" => 0.0031212226582550957, ""avg_degree"" => 1.3279352226720649, ""n_nodes"" => 492, ""max_degree"" => 15)",0.3233467846422111,"Dict(:p25 => 9.93171875, :p75 => 19.69375, :p50 => 14.749999999999996, :p90 => 24.737500000000004, :p99 => 64.00429843749984, :p95 => 29.306250000000006)",3.1850603905623225,22.17479674796748,0.41970520071836837
102,505,602,31,116,1808.9932002929684,0.3404255319148936,"Dict{String, Real}(""n_edges"" => 427, ""density"" => 0.0033553355335533552, ""avg_degree"" => 1.5088757396449703, ""n_nodes"" => 505, ""max_degree"" => 18)",0.32392550402586195,"Dict(:p25 => 9.5625, :p75 => 19.056500000000003, :p50 => 14.0, :p90 => 24.15875, :p99 => 63.27976542968736, :p95 => 29.368562500000003)",3.1937808893272983,21.62970297029703,0.4260980780857542
103,508,614,33,123,1682.4155248779302,0.32695984703632885,"Dict{String, Real}(""n_edges"" => 431, ""density"" => 0.0033468449579897187, ""avg_degree"" => 1.507843137254902, ""n_nodes"" => 508, ""max_degree"" => 13)",0.3229257834098169,"Dict(:p25 => 9.359375, :p75 => 18.875, :p50 => 14.125, :p90 => 24.20625, :p99 => 63.15391567382816, :p95 => 29.961875000000003)",3.1852790967834155,21.69291338582677,0.422427368992669
104,520,632,35,127,1863.7174526123051,0.2893835616438356,"Dict{String, Real}(""n_edges"" => 483, ""density"" => 0.0035793686082703424, ""avg_degree"" => 1.6494252873563218, ""n_nodes"" => 520, ""max_degree"" => 12)",0.3244212116320291,"Dict(:p25 => 9.15625, :p75 => 18.453125, :p50 => 14.046875, :p90 => 24.635, :p99 => 61.889433847655695, :p95 => 29.705039590835593)",3.172006725004313,21.646153846153847,0.4248824558526052
105,523,644,36,135,2047.5464450172421,0.26576576576576577,"Dict{String, Real}(""n_edges"" => 541, ""density"" => 0.0039632828582522, ""avg_degree"" => 1.8952380952380952, ""n_nodes"" => 523, ""max_degree"" => 16)",0.31940590467795094,"Dict(:p25 => 9.042957031250008, :p75 => 18.515625, :p50 => 14.25, :p90 => 23.860433105468744, :p99 => 58.67474219619733, :p95 => 28.89500000000001)",3.2785713794850846,21.778202676864243,0.4205084128340415
106,533,658,37,138,2129.6799774497986,0.3012912482065997,"Dict{String, Real}(""n_edges"" => 576, ""density"" => 0.00406268955691292, ""avg_degree"" => 1.9271028037383178, ""n_nodes"" => 533, ""max_degree"" => 14)",0.3230669726639006,"Dict(:p25 => 8.875, :p75 => 18.25, :p50 => 13.9375, :p90 => 23.500000000000004, :p99 => 58.7303529956051, :p95 => 28.74500000000001)",3.3075403318701295,21.941838649155724,0.41664956801506703
107,537,669,38,144,2064.810355086517,0.2825112107623318,"Dict{String, Real}(""n_edges"" => 559, ""density"" => 0.003884210233747464, ""avg_degree"" => 1.8330241187384044, ""n_nodes"" => 537, ""max_degree"" => 13)",0.32899772354918344,"Dict(:p25 => 8.839260742187502, :p75 => 18.4375, :p50 => 13.75, :p90 => 23.320000000000007, :p99 => 58.44059731536855, :p95 => 27.647500000000004)",3.3477043777527253,22.223463687150836,0.41199096583037864
108,547,687,39,151,2111.970980281829,0.3371757925072046,"Dict{String, Real}(""n_edges"" => 576, ""density"" => 0.0038572031259417, ""avg_degree"" => 1.8816029143897997, ""n_nodes"" => 547, ""max_degree"" => 15)",0.33055373603427074,"Dict(:p25 => 8.875, :p75 => 18.3921875, :p50 => 13.74225, :p90 => 23.072500000000005, :p99 => 56.78023149368267, :p95 => 26.668875000000003)",3.6617065147801435,22.224862888482633,0.41611493983574754
109,554,702,40,158,2116.0919398155206,0.3338391502276176,"Dict{String, Real}(""n_edges"" => 564, ""density"" => 0.0036819187758272893, ""avg_degree"" => 1.776978417266187, ""n_nodes"" => 554, ""max_degree"" => 15)",0.33127146841825494,"Dict(:p25 => 8.40625, :p75 => 18.125, :p50 => 13.871943176269532, :p90 => 22.75, :p99 => 56.394489356002964, :p95 => 26.931375000000013)",3.6096096692967587,22.39350180505415,0.4170553901076164
110,557,710,40,163,2204.275897350693,0.31166912850812406,"Dict{String, Real}(""n_edges"" => 582, ""density"" => 0.0037585730338529893, ""avg_degree"" => 1.81216457960644, ""n_nodes"" => 557, ""max_degree"" => 15)",0.33488324478472586,"Dict(:p25 => 8.375, :p75 => 18.25, :p50 => 14.375, :p90 => 22.75, :p99 => 56.109171296996635, :p95 => 27.268250000000016)",3.64102894409627,22.937163375224415,0.4095321793893172
111,562,724,42,170,2271.180812075805,0.34110787172011664,"Dict{String, Real}(""n_edges"" => 587, ""density"" => 0.003723650573137699, ""avg_degree"" => 1.8283185840707965, ""n_nodes"" => 562, ""max_degree"" => 14)",0.33072916667230334,"Dict(:p25 => 8.28125, :p75 => 18.3203125, :p50 => 14.4117265625, :p90 => 22.282348374999998, :p99 => 50.24776156249988, :p95 => 26.23750000000001)",3.824462632191893,23.065836298932386,0.4094007774110986
112,570,739,45,174,2479.6528408647146,0.4049586776859504,"Dict{String, Real}(""n_edges"" => 612, ""density"" => 0.003773933956155767, ""avg_degree"" => 1.9267015706806283, ""n_nodes"" => 570, ""max_degree"" => 23)",0.33877906730326,"Dict(:p25 => 7.9375, :p75 => 18.75, :p50 => 14.187473388671874, :p90 => 22.385531640625004, :p99 => 50.72485891016002, :p95 => 26.613193359374968)",4.023797478816053,22.985964912280703,0.40456606330358036
113,573,749,46,180,2451.665797239074,0.4013888888888889,"Dict{String, Real}(""n_edges"" => 605, ""density"" => 0.0036917707074775137, ""avg_degree"" => 1.8819444444444444, ""n_nodes"" => 573, ""max_degree"" => 22)",0.33711266812409013,"Dict(:p25 => 8.0, :p75 => 18.637600000000003, :p50 => 14.3125, :p90 => 22.6875, :p99 => 49.189818299999914, :p95 => 26.42849999999999)",4.10257850546485,23.356020942408378,0.3993522036174413
114,580,760,46,184,2373.5147661765723,0.4468704512372635,"Dict{String, Real}(""n_edges"" => 582, ""density"" => 0.0034661425763802037, ""avg_degree"" => 1.7547169811320755, ""n_nodes"" => 580, ""max_degree"" => 21)",0.3401499316468142,"Dict(:p25 => 7.9375, :p75 => 19.0625, :p50 => 14.421875, :p90 => 22.253125, :p99 => 46.522238332510504, :p95 => 24.969530921875)",4.450023162354752,23.844827586206897,0.39632782307327896
115,581,770,48,191,2440.195800564298,0.452991452991453,"Dict{String, Real}(""n_edges"" => 595, ""density"" => 0.003531366846697133, ""avg_degree"" => 1.8065068493150684, ""n_nodes"" => 581, ""max_degree"" => 19)",0.33780518530522174,"Dict(:p25 => 8.03773125, :p75 => 18.8125, :p50 => 14.890625, :p90 => 22.30186607421875, :p99 => 48.32069814617874, :p95 => 24.984368437500002)",4.299527156435911,24.115318416523237,0.3907613282949185
116,590,786,48,198,2437.514092597333,0.4348441926345609,"Dict{String, Real}(""n_edges"" => 595, ""density"" => 0.0034243618888665076, ""avg_degree"" => 1.794266441821248, ""n_nodes"" => 590, ""max_degree"" => 19)",0.33356514861887954,"Dict(:p25 => 7.725339236450196, :p75 => 18.737699218750002, :p50 => 14.65625, :p90 => 21.7541823953125, :p99 => 44.70256300447467, :p95 => 24.811999999999998)",4.497781579536812,24.30677966101695,0.39383455518668176
117,597,803,48,208,2515.8860298326463,0.40654843110504774,"Dict{String, Real}(""n_edges"" => 621, ""density"" => 0.0034906073994131733, ""avg_degree"" => 1.8266666666666667, ""n_nodes"" => 597, ""max_degree"" => 22)",0.3279925765381615,"Dict(:p25 => 7.870625, :p75 => 18.627994531249985, :p50 => 14.4375, :p90 => 21.68255986640626, :p99 => 45.55452631980889, :p95 => 25.02118674218751)",4.684111423274216,24.375209380234505,0.3988862675112781
118,604,816,48,214,2588.275499117622,0.4095744680851064,"Dict{String, Real}(""n_edges"" => 638, ""density"" => 0.0035034540322669214, ""avg_degree"" => 1.8533772652388798, ""n_nodes"" => 604, ""max_degree"" => 22)",0.3263171832558316,"Dict(:p25 => 8.1875, :p75 => 18.38359375, :p50 => 14.34375, :p90 => 21.4375, :p99 => 44.92017013750004, :p95 => 24.613250000000004)",4.690864118244209,24.66887417218543,0.3980628027912352
119,610,833,49,224,2719.1871262259997,0.39223057644110276,"Dict{String, Real}(""n_edges"" => 667, ""density"" => 0.003590944574551132, ""avg_degree"" => 1.9803921568627452, ""n_nodes"" => 610, ""max_degree"" => 23)",0.32685485029767913,"Dict(:p25 => 8.110937499999999, :p75 => 18.171875, :p50 => 14.349296875, :p90 => 21.8001415578125, :p99 => 44.84363541249996, :p95 => 24.71214105055332)",4.203741834192117,24.67377049180328,0.40245079298690456
120,618,847,49,230,2743.2773489418155,0.4092570036540804,"Dict{String, Real}(""n_edges"" => 689, ""density"" => 0.003613895401593471, ""avg_degree"" => 2.0306451612903227, ""n_nodes"" => 618, ""max_degree"" => 23)",0.3275845057498714,"Dict(:p25 => 8.189069963759184, :p75 => 18.171875, :p50 => 14.165625, :p90 => 21.816459765625005, :p99 => 44.35915832500002, :p95 => 24.767113348388662)",4.179027226151715,25.003236245954692,0.4015108485029746
121,629,862,51,232,2846.0652626599217,0.3933102652825836,"Dict{String, Real}(""n_edges"" => 737, ""density"" => 0.003731532206616508, ""avg_degree"" => 2.1204437400950873, ""n_nodes"" => 629, ""max_degree"" => 23)",0.3293443075668372,"Dict(:p25 => 8.0, :p75 => 18.125, :p50 => 14.5, :p90 => 21.450000000000003, :p99 => 42.99549707246108, :p95 => 24.674436547851563)",4.401243348962998,25.205087440381558,0.40016782713003374
122,641,878,52,235,2935.097136612897,0.37168141592920356,"Dict{String, Real}(""n_edges"" => 769, ""density"" => 0.00374902496099844, ""avg_degree"" => 2.192846034214619, ""n_nodes"" => 641, ""max_degree"" => 23)",0.33250942655623095,"Dict(:p25 => 8.03125, :p75 => 17.688243749999998, :p50 => 14.40625, :p90 => 21.15625, :p99 => 41.508959937500165, :p95 => 24.696287475585937)",4.36271116442163,25.44773790951638,0.4009209264888496
123,655,902,52,245,3016.75223890349,0.3898678414096916,"Dict{String, Real}(""n_edges"" => 772, ""density"" => 0.003604360716203282, ""avg_degree"" => 2.1598173515981736, ""n_nodes"" => 655, ""max_degree"" => 23)",0.3246518583294251,"Dict(:p25 => 8.010824414062498, :p75 => 17.362477773437504, :p50 => 14.268110546874997, :p90 => 20.856250000000003, :p99 => 39.966188593750175, :p95 => 23.934374999999996)",4.462682269412991,25.363358778625955,0.41083286656315776
124,669,924,55,250,3323.093899634752,0.4044265593561368,"Dict{String, Real}(""n_edges"" => 838, ""density"" => 0.0037503468399523823, ""avg_degree"" => 2.315946348733234, ""n_nodes"" => 669, ""max_degree"" => 23)",0.32157207125656906,"Dict(:p25 => 7.9375, :p75 => 17.125, :p50 => 14.071129091796879, :p90 => 20.504044767578126, :p99 => 38.40505280640803, :p95 => 23.231250000000006)",4.651897188507627,25.30493273542601,0.415603512815901
125,671,934,57,256,3578.9547782988443,0.3859981078524125,"Dict{String, Real}(""n_edges"" => 887, ""density"" => 0.003945992837600373, ""avg_degree"" => 2.462109955423477, ""n_nodes"" => 671, ""max_degree"" => 23)",0.310740863302277,"Dict(:p25 => 7.945304541015624, :p75 => 17.1875, :p50 => 14.3125, :p90 => 20.25, :p99 => 36.2225600801695, :p95 => 22.849654296875006)",4.944385275440088,25.801788375558868,0.40790037172173954
126,683,952,60,259,3718.682861942784,0.38343834383438347,"Dict{String, Real}(""n_edges"" => 938, ""density"" => 0.004027427727423005, ""avg_degree"" => 2.524087591240876, ""n_nodes"" => 683, ""max_degree"" => 23)",0.3116775986048492,"Dict(:p25 => 7.989062499999996, :p75 => 17.0625, :p50 => 14.138366210937505, :p90 => 20.25, :p99 => 35.81105149304789, :p95 => 22.484638978515623)",4.887593666819313,25.878477306002928,0.4092991855136152
127,696,969,63,260,3972.8157048802886,0.38382978723404254,"Dict{String, Real}(""n_edges"" => 979, ""density"" => 0.004047796245762011, ""avg_degree"" => 2.61, ""n_nodes"" => 696, ""max_degree"" => 23)",0.31956223021462815,"Dict(:p25 => 7.671875, :p75 => 17.0625, :p50 => 14.0, :p90 => 20.174526796875003, :p99 => 37.306552978993466, :p95 => 22.6640625)",4.850489718829939,26.044540229885058,0.40880586145389275
128,698,980,64,268,3990.5221384954166,0.38571428571428573,"Dict{String, Real}(""n_edges"" => 987, ""density"" => 0.004057503915676271, ""avg_degree"" => 2.6481481481481484, ""n_nodes"" => 698, ""max_degree"" => 23)",0.3172019920245146,"Dict(:p25 => 7.714306772766103, :p75 => 17.1875, :p50 => 14.2971218801108, :p90 => 20.228125000000002, :p99 => 35.16577135437599, :p95 => 22.378480876028537)",5.017245603306897,26.3810888252149,0.40425156142874963
129,710,996,66,270,4293.680299807255,0.4009433962264151,"Dict{String, Real}(""n_edges"" => 1057, ""density"" => 0.004199527205546396, ""avg_degree"" => 2.76890756302521, ""n_nodes"" => 710, ""max_degree"" => 23)",0.3120548135462855,"Dict(:p25 => 7.740625, :p75 => 17.09375, :p50 => 13.964377734374999, :p90 => 20.1875, :p99 => 32.66515446452633, :p95 => 22.1734375)",5.100551355719761,26.628169014084506,0.4032765512997587
130,718,1013,70,275,4262.594876888385,0.39426800929512007,"Dict{String, Real}(""n_edges"" => 1078, ""density"" => 0.004187985377015808, ""avg_degree"" => 2.772099447513812, ""n_nodes"" => 718, ""max_degree"" => 23)",0.30963782930899697,"Dict(:p25 => 7.94320861370042, :p75 => 17.0625, :p50 => 13.764801233482356, :p90 => 20.018750000000004, :p99 => 32.143646675405364, :p95 => 21.948437499999994)",5.1685525901947145,26.58635097493036,0.4022586036292979
131,729,1028,71,278,4218.459364035424,0.37888198757763975,"Dict{String, Real}(""n_edges"" => 1076, ""density"" => 0.0040549299808559066, ""avg_degree"" => 2.720108695652174, ""n_nodes"" => 729, ""max_degree"" => 23)",0.3119481239710302,"Dict(:p25 => 7.602956727752675, :p75 => 16.90625, :p50 => 13.921875, :p90 => 19.979773704040532, :p99 => 32.6031376150879, :p95 => 21.6625)",5.249117903144588,26.88888888888889,0.400729804312961
132,735,1042,75,282,4287.23731970832,0.35993975903614456,"Dict{String, Real}(""n_edges"" => 1110, ""density"" => 0.004114997497636657, ""avg_degree"" => 2.766846361185984, ""n_nodes"" => 735, ""max_degree"" => 30)",0.3096184648347573,"Dict(:p25 => 7.590584202966692, :p75 => 16.953125, :p50 => 14.046875, :p90 => 19.851250000000004, :p99 => 32.834428366372066, :p95 => 21.446875)",5.359751255007498,27.12108843537415,0.39829396191104105
133,745,1060,80,285,4295.013715843939,0.36276674025018396,"Dict{String, Real}(""n_edges"" => 1130, ""density"" => 0.004077361622284766, ""avg_degree"" => 2.7848605577689245, ""n_nodes"" => 745, ""max_degree"" => 30)",0.3167337921884301,"Dict(:p25 => 7.515625, :p75 => 16.8125, :p50 => 14.016801523437497, :p90 => 19.90625, :p99 => 32.553198227565076, :p95 => 21.599999999999994)",5.391193164643188,27.174496644295303,0.39993621757630105
134,751,1074,86,287,4517.308859461119,0.36928327645051195,"Dict{String, Real}(""n_edges"" => 1208, ""density"" => 0.004289391921881935, ""avg_degree"" => 2.9802371541501977, ""n_nodes"" => 751, ""max_degree"" => 35)",0.31472718112582587,"Dict(:p25 => 7.359375, :p75 => 17.0, :p50 => 13.992271163311003, :p90 => 19.625, :p99 => 31.462999381355054, :p95 => 21.765625)",5.590474100880916,27.28761651131824,0.3960903021479256
135,764,1094,92,288,5104.029828770193,0.3816364772017489,"Dict{String, Real}(""n_edges"" => 1305, ""density"" => 0.004477366142191542, ""avg_degree"" => 3.2282749675745785, ""n_nodes"" => 764, ""max_degree"" => 49)",0.31424493010653287,"Dict(:p25 => 7.193670841014274, :p75 => 16.7265625, :p50 => 14.073571162910458, :p90 => 19.428125, :p99 => 28.788750000000007, :p95 => 21.966221642745975)",5.532199587002958,27.095549738219894,0.39498237305985406
136,780,1115,94,291,5074.105928685357,0.3974121996303142,"Dict{String, Real}(""n_edges"" => 1318, ""density"" => 0.004338237714360949, ""avg_degree"" => 3.2119289340101522, ""n_nodes"" => 780, ""max_degree"" => 49)",0.3152915498166513,"Dict(:p25 => 7.046875, :p75 => 16.640625, :p50 => 14.0625, :p90 => 19.315625, :p99 => 28.172333641555454, :p95 => 21.473437499999996)",5.793868614602832,27.156410256410258,0.3975153069006341
137,785,1130,97,298,5070.582800033472,0.3851050286441757,"Dict{String, Real}(""n_edges"" => 1280, ""density"" => 0.004159625633692968, ""avg_degree"" => 3.068095838587642, ""n_nodes"" => 785, ""max_degree"" => 50)",0.3171373919614786,"Dict(:p25 => 7.078125, :p75 => 16.625, :p50 => 14.03125, :p90 => 19.44375, :p99 => 28.228371088097994, :p95 => 20.825)",5.799500212225199,27.34012738853503,0.3956543545784075
138,789,1138,98,301,5175.612737954034,0.40125786163522015,"Dict{String, Real}(""n_edges"" => 1287, ""density"" => 0.004140047480264809, ""avg_degree"" => 3.1016311166875785, ""n_nodes"" => 789, ""max_degree"" => 50)",0.31719164873480543,"Dict(:p25 => 7.148828409775392, :p75 => 16.625, :p50 => 14.030606859130856, :p90 => 19.48517882777024, :p99 => 28.170605828568274, :p95 => 21.131250000000005)",5.709720779716907,27.986058301647656,0.388490377260035
139,801,1154,98,305,5250.252270798039,0.4095778197857593,"Dict{String, Real}(""n_edges"" => 1287, ""density"" => 0.004016853932584269, ""avg_degree"" => 3.0382716049382714, ""n_nodes"" => 801, ""max_degree"" => 50)",0.3179455657207759,"Dict(:p25 => 6.776383370189086, :p75 => 16.545525, :p50 => 14.0625, :p90 => 19.16695476795435, :p99 => 28.1875, :p95 => 21.178125)",5.748909710509725,28.31210986267166,0.38836431090469303
140,807,1169,102,310,5170.174476313149,0.3893129770992366,"Dict{String, Real}(""n_edges"" => 1258, ""density"" => 0.0038681388963197334, ""avg_degree"" => 2.9730722154222766, ""n_nodes"" => 807, ""max_degree"" => 49)",0.3207078179758722,"Dict(:p25 => 7.0421875, :p75 => 16.4375, :p50 => 14.249802621247285, :p90 => 19.178125, :p99 => 28.66311709455015, :p95 => 21.64656250000001)",5.398711983709681,28.522924411400247,0.3880677187822299
141,821,1190,105,314,5463.552420336876,0.4020935960591133,"Dict{String, Real}(""n_edges"" => 1315, ""density"" => 0.0039065981402810375, ""avg_degree"" => 3.0193003618817853, ""n_nodes"" => 821, ""max_degree"" => 49)",0.3230106824842187,"Dict(:p25 => 6.90625, :p75 => 16.375, :p50 => 13.921875, :p90 => 19.125, :p99 => 29.171499999999998, :p95 => 21.56871938476563)",5.513250416662023,28.59561510353228,0.391883999562741
142,827,1201,105,319,5596.824507188891,0.4257788637751985,"Dict{String, Real}(""n_edges"" => 1337, ""density"" => 0.003914495931793495, ""avg_degree"" => 3.0239520958083834, ""n_nodes"" => 827, ""max_degree"" => 50)",0.32053648451412586,"Dict(:p25 => 7.0372243437587425, :p75 => 16.34375, :p50 => 13.828125, :p90 => 19.178125, :p99 => 29.05574507184295, :p95 => 21.73459089157214)",5.324360041254802,29.174123337363966,0.38783755589188984
143,842,1220,106,322,5433.998078516747,0.39851485148514854,"Dict{String, Real}(""n_edges"" => 1345, ""density"" => 0.0037987804361395354, ""avg_degree"" => 2.9211764705882355, ""n_nodes"" => 842, ""max_degree"" => 48)",0.3289520282958691,"Dict(:p25 => 6.588234349312423, :p75 => 16.33984375, :p50 => 13.791843442448844, :p90 => 18.984375000000014, :p99 => 29.222581250000005, :p95 => 21.121875000000003)",5.6013759248813475,29.377672209026127,0.3886373116739852
144,862,1247,112,323,5664.73054125789,0.37374926427310184,"Dict{String, Real}(""n_edges"" => 1393, ""density"" => 0.003753796238658442, ""avg_degree"" => 3.0068965517241377, ""n_nodes"" => 862, ""max_degree"" => 48)",0.3288847011033611,"Dict(:p25 => 6.415580741776758, :p75 => 16.29296875, :p50 => 13.53125, :p90 => 18.589907240394595, :p99 => 27.93989972544788, :p95 => 20.523028021397867)",5.94353370057902,29.221577726218097,0.39577448779569835
145,868,1259,113,328,5643.650712298369,0.3744103773584906,"Dict{String, Real}(""n_edges"" => 1403, ""density"" => 0.003728626175327816, ""avg_degree"" => 2.9965753424657535, ""n_nodes"" => 868, ""max_degree"" => 46)",0.3348266005488405,"Dict(:p25 => 5.815248002480204, :p75 => 16.285876306823347, :p50 => 13.702131958321967, :p90 => 18.726008043082366, :p99 => 29.21600726881408, :p95 => 20.77778547567312)",5.598801813664303,29.701612903225808,0.3920475944400166
146,870,1270,119,331,5866.846347640864,0.3969679955081415,"Dict{String, Real}(""n_edges"" => 1487, ""density"" => 0.0039337063344047195, ""avg_degree"" => 3.112756264236902, ""n_nodes"" => 870, ""max_degree"" => 47)",0.339263389643611,"Dict(:p25 => 6.05353361325653, :p75 => 16.25, :p50 => 13.547386687405016, :p90 => 18.97063584922241, :p99 => 30.267428830810033, :p95 => 21.517187500000002)",5.020822281854326,30.03793103448276,0.38781955786733735
147,873,1279,123,333,6019.741292252129,0.38054054054054054,"Dict{String, Real}(""n_edges"" => 1548, ""density"" => 0.004066963019010688, ""avg_degree"" => 3.2142857142857144, ""n_nodes"" => 873, ""max_degree"" => 47)",0.3419834241680668,"Dict(:p25 => 5.951614683189398, :p75 => 16.2109375, :p50 => 13.649187234520856, :p90 => 19.28702242099092, :p99 => 30.29414632827688, :p95 => 22.100719252755226)",4.79730607586935,30.490263459335623,0.381930442301186
148,880,1299,131,338,6265.533059244251,0.38080495356037153,"Dict{String, Real}(""n_edges"" => 1630, ""density"" => 0.004214499948288345, ""avg_degree"" => 3.3149606299212597, ""n_nodes"" => 880, ""max_degree"" => 48)",0.3359942505082525,"Dict(:p25 => 6.128528670797349, :p75 => 16.212890625, :p50 => 13.7578125, :p90 => 18.5078125, :p99 => 29.498918613795677, :p95 => 21.24765625000002)",5.210995176035668,30.42159090909091,0.3849289512735965
149,885,1311,134,342,6280.75476254911,0.36858316221765913,"Dict{String, Real}(""n_edges"" => 1639, ""density"" => 0.004189994120203492, ""avg_degree"" => 3.3288590604026846, ""n_nodes"" => 885, ""max_degree"" => 48)",0.33832203276090156,"Dict(:p25 => 5.725442309631032, :p75 => 16.3125, :p50 => 14.036579779163306, :p90 => 18.56573276558876, :p99 => 29.128696871171204, :p95 => 21.512500000000003)",5.46290345814207,30.83728813559322,0.38230728161660865
150,897,1332,140,345,6438.506109554395,0.3776435045317221,"Dict{String, Real}(""n_edges"" => 1661, ""density"" => 0.004133321388756171, ""avg_degree"" => 3.3252747252747255, ""n_nodes"" => 897, ""max_degree"" => 48)",0.3396075781779515,"Dict(:p25 => 5.862065991682298, :p75 => 16.28125, :p50 => 13.6015625, :p90 => 18.5, :p99 => 30.17959057868774, :p95 => 21.443191896484375)",5.398071438829677,30.846153846153847,0.3858995975396844
