time,nagents,births,deaths_age,deaths_starvation,gini_coefficient,wealth_percentiles,pareto_alpha,mean_lifespan,lifespan_inequality
0,100,0,0,0,0.23126649076517158,"Dict(:p25 => 10.75, :p75 => 20.25, :p50 => 15.0, :p90 => 24.0, :p99 => 25.0, :p95 => 25.0)",13.281928836255917,0.0,0.0
1,100,0,0,0,0.25267694463910306,"Dict(:p25 => 9.0, :p75 => 20.0, :p50 => 14.0, :p90 => 23.0, :p99 => 25.010000000000005, :p95 => 24.0)",20.962266510908016,1.0,0.0
2,99,0,0,1,0.28133348133348135,"Dict(:p25 => 9.0, :p75 => 20.0, :p50 => 13.0, :p90 => 23.200000000000003, :p99 => 27.0, :p95 => 24.10000000000001)",9.652855040725447,2.0,0.0
3,95,0,0,5,0.2958457090808284,"Dict(:p25 => 8.5, :p75 => 19.0, :p50 => 14.0, :p90 => 24.599999999999994, :p99 => 28.060000000000002, :p95 => 26.0)",6.975503636321646,3.0,0.0
4,90,0,0,10,0.3020510212729892,"Dict(:p25 => 9.0, :p75 => 20.0, :p50 => 15.0, :p90 => 26.0, :p99 => 31.0, :p95 => 28.0)",4.9001619204913975,4.0,0.0
5,84,0,0,16,0.29387125220458565,"Dict(:p25 => 9.0, :p75 => 20.0, :p50 => 14.5, :p90 => 27.0, :p99 => 33.0, :p95 => 29.85000000000001)",5.290283705189751,5.0,0.0
6,79,0,0,21,0.28858400817674346,"Dict(:p25 => 9.0, :p75 => 21.5, :p50 => 14.0, :p90 => 29.200000000000003, :p99 => 34.44, :p95 => 31.0)",5.9205393542333145,6.0,0.0
7,78,0,0,22,0.31222182835086065,"Dict(:p25 => 9.0, :p75 => 23.75, :p50 => 15.0, :p90 => 31.0, :p99 => 35.920000000000016, :p95 => 32.150000000000006)",5.561427883215392,7.0,0.0
8,77,0,0,23,0.34015757313790607,"Dict(:p25 => 8.0, :p75 => 25.0, :p50 => 15.0, :p90 => 33.0, :p99 => 38.200000000000045, :p95 => 34.2)",6.199608578299633,8.0,0.0
9,76,0,0,24,0.36639524821021174,"Dict(:p25 => 7.75, :p75 => 26.5, :p50 => 15.0, :p90 => 34.5, :p99 => 39.5, :p95 => 36.25)",9.021153131197812,9.0,0.0
10,75,0,0,25,0.39555885997521667,"Dict(:p25 => 7.0, :p75 => 29.0, :p50 => 15.0, :p90 => 35.599999999999994, :p99 => 41.56000000000003, :p95 => 38.3)",8.31794096082759,10.0,0.0
11,71,0,0,29,0.39732808616404314,"Dict(:p25 => 7.5, :p75 => 31.5, :p50 => 15.0, :p90 => 37.0, :p99 => 43.80000000000007, :p95 => 40.5)",11.19536782939658,11.0,0.0
12,65,0,0,35,0.3711552286678097,"Dict(:p25 => 9.0, :p75 => 34.0, :p50 => 20.0, :p90 => 39.6, :p99 => 46.519999999999996, :p95 => 42.60000000000001)",10.770653132225691,12.0,0.0
13,62,0,0,38,0.35716209845780855,"Dict(:p25 => 10.0, :p75 => 36.0, :p50 => 22.0, :p90 => 40.900000000000006, :p99 => 49.34, :p95 => 44.900000000000006)",14.183910561011043,13.0,0.0
14,61,0,0,39,0.36216522192747824,"Dict(:p25 => 10.0, :p75 => 38.0, :p50 => 24.0, :p90 => 43.0, :p99 => 51.39999999999999, :p95 => 47.0)",11.168182031948447,14.0,0.0
15,59,0,0,41,0.35602176298054333,"Dict(:p25 => 9.0, :p75 => 40.0, :p50 => 27.0, :p90 => 44.2, :p99 => 54.09999999999997, :p95 => 49.1)",14.67037185635975,15.0,0.0
16,58,0,0,42,0.35654642249663127,"Dict(:p25 => 9.0, :p75 => 42.75, :p50 => 28.5, :p90 => 47.0, :p99 => 57.15, :p95 => 51.15)",11.29151316084807,16.0,0.0
17,57,0,0,43,0.35569741184644776,"Dict(:p25 => 9.0, :p75 => 44.0, :p50 => 30.0, :p90 => 49.400000000000006, :p99 => 60.19999999999999, :p95 => 54.0)",10.909577356273294,17.0,0.0
18,60,3,0,43,0.3758167969532973,"Dict(:p25 => 11.25, :p75 => 44.5, :p50 => 25.5, :p90 => 51.1, :p99 => 62.45999999999998, :p95 => 56.0)",10.241376937914696,17.1,0.050000000000000044
19,65,9,0,44,0.3986751385696905,"Dict(:p25 => 9.0, :p75 => 44.0, :p50 => 22.0, :p90 => 51.6, :p99 => 64.16, :p95 => 57.40000000000001)",8.797358376748262,16.415384615384614,0.13590945137336896
20,69,15,0,46,0.39385415124446843,"Dict(:p25 => 10.0, :p75 => 38.0, :p50 => 21.0, :p90 => 50.2, :p99 => 66.24000000000005, :p95 => 55.800000000000026)",8.939444676708728,15.826086956521738,0.20759675107501185
21,77,24,0,47,0.3692032407177297,"Dict(:p25 => 13.0, :p75 => 34.0, :p50 => 20.0, :p90 => 50.199999999999996, :p99 => 62.960000000000036, :p95 => 52.60000000000001)",3.598288236745215,14.805194805194805,0.2917976760082024
22,80,27,0,47,0.37775880189174993,"Dict(:p25 => 12.375, :p75 => 31.375, :p50 => 19.0, :p90 => 52.05, :p99 => 64.84000000000003, :p95 => 55.099999999999994)",3.105934058851582,15.2125,0.3005854560394412
23,82,30,0,48,0.3804791689798537,"Dict(:p25 => 11.625, :p75 => 32.75, :p50 => 19.75, :p90 => 52.49999999999996, :p99 => 66.75999999999999, :p95 => 57.0)",3.434514004267796,15.536585365853659,0.3115212313818585
24,83,32,0,49,0.3716088845176626,"Dict(:p25 => 13.0, :p75 => 33.0, :p50 => 21.0, :p90 => 49.0, :p99 => 68.72000000000003, :p95 => 59.0)",3.862244688944834,16.048192771084338,0.31292738521654195
25,81,32,0,51,0.35786353564131335,"Dict(:p25 => 14.0, :p75 => 36.0, :p50 => 23.0, :p90 => 51.0, :p99 => 70.80000000000001, :p95 => 62.0)",3.6954927671564604,16.85185185185185,0.30096323429656757
26,84,35,0,51,0.3626980572793381,"Dict(:p25 => 13.875, :p75 => 34.75, :p50 => 23.5, :p90 => 52.0, :p99 => 72.68, :p95 => 64.85000000000001)",3.024242804122886,17.214285714285715,0.3096720015807153
27,86,37,0,51,0.3523310875071328,"Dict(:p25 => 14.625, :p75 => 35.0, :p50 => 24.0, :p90 => 52.0, :p99 => 74.75000000000003, :p95 => 65.125)",3.5889200184062227,17.790697674418606,0.30911992704058355
28,85,37,0,52,0.345251857968621,"Dict(:p25 => 15.0, :p75 => 37.0, :p50 => 26.0, :p90 => 54.39999999999998, :p99 => 76.80000000000005, :p95 => 67.29999999999998)",3.4630337142243954,18.68235294117647,0.2954659949622167
29,88,42,0,54,0.34264727128255124,"Dict(:p25 => 14.375, :p75 => 37.0, :p50 => 26.75, :p90 => 52.3, :p99 => 78.65000000000005, :p95 => 68.77500000000002)",3.6307569629339955,18.352272727272727,0.32629468055164645
30,90,44,0,54,0.3458115738971681,"Dict(:p25 => 15.0, :p75 => 36.75, :p50 => 26.5, :p90 => 54.0, :p99 => 80.55, :p95 => 70.42499999999998)",3.2263417252115527,18.92222222222222,0.32477980035231946
31,96,51,0,55,0.35224659676232517,"Dict(:p25 => 12.5, :p75 => 37.0, :p50 => 25.0, :p90 => 52.25, :p99 => 82.24999999999999, :p95 => 71.375)",2.71010776754355,18.354166666666668,0.3613081725312144
32,100,55,0,55,0.3510868031051517,"Dict(:p25 => 12.5, :p75 => 38.625, :p50 => 25.25, :p90 => 51.39999999999998, :p99 => 82.02000000000001, :p95 => 71.725)",3.001885349538633,18.58,0.36893433799784714
33,100,55,0,55,0.3466892578786851,"Dict(:p25 => 14.25, :p75 => 40.625, :p50 => 26.5, :p90 => 53.39999999999998, :p99 => 84.02000000000001, :p95 => 73.725)",3.150125828699399,19.58,0.3500919305413688
34,103,58,0,55,0.35406662213794826,"Dict(:p25 => 14.5, :p75 => 42.0, :p50 => 27.0, :p90 => 54.19999999999999, :p99 => 85.90000000000002, :p95 => 74.75000000000004)",3.1510328836174986,19.980582524271846,0.3525054959570513
35,113,68,0,55,0.357817479961954,"Dict(:p25 => 13.0, :p75 => 39.0, :p50 => 24.0, :p90 => 48.8, :p99 => 87.40000000000005, :p95 => 62.20000000000002)",4.1779756400412715,19.123893805309734,0.3944912425827112
36,115,70,0,55,0.3567545649557893,"Dict(:p25 => 14.0, :p75 => 40.75, :p50 => 25.0, :p90 => 50.599999999999994, :p99 => 89.3, :p95 => 63.900000000000034)",3.8443362495486193,19.77391304347826,0.38575962678291464
37,122,77,0,55,0.3602648535961339,"Dict(:p25 => 13.375, :p75 => 38.625, :p50 => 24.0, :p90 => 50.89999999999999, :p99 => 90.95000000000003, :p95 => 64.55000000000003)",3.7356571793917412,19.581967213114755,0.40349896039909705
38,128,83,0,55,0.3636027878197998,"Dict(:p25 => 12.875, :p75 => 37.0, :p50 => 23.75, :p90 => 51.3, :p99 => 92.65000000000002, :p95 => 59.30000000000001)",4.147586512048085,19.6171875,0.4127744175627239
39,136,91,0,55,0.3648535704733886,"Dict(:p25 => 12.5, :p75 => 35.25, :p50 => 22.5, :p90 => 52.75, :p99 => 93.59999999999991, :p95 => 57.750000000000085)",3.6056721883264,19.404411764705884,0.4284739094576824
40,145,100,0,55,0.3695895671653733,"Dict(:p25 => 12.5, :p75 => 35.0, :p50 => 22.0, :p90 => 52.3, :p99 => 92.56, :p95 => 58.80000000000001)",3.1221861920306524,19.137931034482758,0.4442522522522523
41,157,112,0,55,0.37252438605407434,"Dict(:p25 => 13.0, :p75 => 34.5, :p50 => 20.5, :p90 => 49.900000000000006, :p99 => 94.44, :p95 => 59.20000000000002)",3.092998075145125,18.598726114649683,0.46635546636419156
42,166,121,0,55,0.3640500552377537,"Dict(:p25 => 13.5, :p75 => 31.5, :p50 => 19.0, :p90 => 48.0, :p99 => 94.39999999999998, :p95 => 57.87500000000007)",3.1696328769578543,18.53614457831325,0.472782909342929
43,179,134,0,55,0.3508495329806096,"Dict(:p25 => 13.5, :p75 => 30.0, :p50 => 19.0, :p90 => 46.0, :p99 => 90.02999999999999, :p95 => 55.10000000000002)",2.8395958517610795,18.11731843575419,0.48862957086772196
44,187,143,0,56,0.3451201931599597,"Dict(:p25 => 13.625, :p75 => 29.5, :p50 => 19.0, :p90 => 43.2, :p99 => 90.10999999999984, :p95 => 54.85000000000001)",2.962509061029153,18.18716577540107,0.4900949233239045
45,192,150,0,58,0.3318146141840883,"Dict(:p25 => 15.0, :p75 => 29.625, :p50 => 19.375, :p90 => 41.0, :p99 => 90.62499999999969, :p95 => 53.80000000000007)",2.8737870482917662,18.21875,0.4861796026300744
46,193,151,0,58,0.3307671397144176,"Dict(:p25 => 15.5, :p75 => 30.5, :p50 => 20.25, :p90 => 42.0, :p99 => 91.4999999999998, :p95 => 54.80000000000007)",2.9686212893380652,19.11917098445596,0.46367580774253336
47,199,159,0,60,0.3277086863919516,"Dict(:p25 => 15.0, :p75 => 30.0, :p50 => 20.5, :p90 => 41.599999999999994, :p99 => 91.74999999999977, :p95 => 53.30000000000007)",3.047425505271838,19.195979899497488,0.4644031676708149
48,208,169,0,61,0.3238114543065087,"Dict(:p25 => 15.0, :p75 => 28.1875, :p50 => 20.5, :p90 => 41.0, :p99 => 92.39499999999997, :p95 => 53.25000000000017)",2.8116964849470616,19.091346153846153,0.4687917691726555
49,217,180,0,63,0.3262566441726811,"Dict(:p25 => 15.0, :p75 => 28.0, :p50 => 20.5, :p90 => 38.85, :p99 => 93.25999999999996, :p95 => 48.00000000000017)",2.8709757120644013,18.898617511520737,0.4751094765017412
50,222,188,0,66,0.3175597126016583,"Dict(:p25 => 14.625, :p75 => 29.0, :p50 => 21.0, :p90 => 38.975, :p99 => 94.18499999999999, :p95 => 46.0)",3.0702129797929456,18.954954954954953,0.47350820402151195
51,225,191,0,66,0.313840520003662,"Dict(:p25 => 15.0, :p75 => 29.0, :p50 => 21.5, :p90 => 39.9, :p99 => 95.13999999999999, :p95 => 46.90000000000002)",2.742371717102062,19.68888888888889,0.4571156257837974
52,230,197,0,67,0.3149614093700215,"Dict(:p25 => 14.0, :p75 => 29.5, :p50 => 22.25, :p90 => 39.05, :p99 => 96.06499999999997, :p95 => 47.77500000000002)",2.9838520815280885,20.095652173913045,0.4506838748518429
53,231,202,0,71,0.3041862504358184,"Dict(:p25 => 14.75, :p75 => 30.5, :p50 => 22.0, :p90 => 39.5, :p99 => 97.35, :p95 => 49.0)",3.010400381231869,20.19047619047619,0.44237894752474527
54,238,209,0,71,0.30734760694255847,"Dict(:p25 => 14.5625, :p75 => 31.1875, :p50 => 22.0, :p90 => 40.650000000000006, :p99 => 98.315, :p95 => 50.0)",3.1625823542438303,20.567226890756302,0.4385172659462151
55,242,214,0,72,0.30460084054207615,"Dict(:p25 => 15.0, :p75 => 32.0, :p50 => 22.25, :p90 => 41.5, :p99 => 99.29499999999999, :p95 => 50.900000000000034)",3.3359233872126732,21.078512396694215,0.4310554890387721
56,252,224,0,72,0.3103290791857447,"Dict(:p25 => 14.4375, :p75 => 32.0625, :p50 => 21.75, :p90 => 39.95, :p99 => 100.24499999999999, :p95 => 48.35000000000005)",3.569778101176964,21.202380952380953,0.434883648387298
57,264,236,0,72,0.32060201863990767,"Dict(:p25 => 14.0, :p75 => 31.4375, :p50 => 20.125, :p90 => 39.5, :p99 => 101.185, :p95 => 47.62500000000006)",3.4726626837656456,21.193181818181817,0.4418738321553335
58,280,252,0,72,0.3339591291780166,"Dict(:p25 => 13.25, :p75 => 31.5, :p50 => 19.25, :p90 => 40.0, :p99 => 102.60499999999999, :p95 => 46.62500000000003)",3.562429841461956,20.925,0.4549941481969131
59,294,268,0,74,0.33646400812455335,"Dict(:p25 => 12.5, :p75 => 30.0, :p50 => 18.375, :p90 => 39.775000000000034, :p99 => 103.535, :p95 => 47.525000000000034)",3.21381859041783,20.479591836734695,0.46436169551693807
60,303,283,5,75,0.33084866618752784,"Dict(:p25 => 12.8125, :p75 => 29.25, :p50 => 18.25, :p90 => 40.85000000000001, :p99 => 87.71999999999946, :p95 => 54.750000000000085)",3.108800544615934,19.78877887788779,0.4687437389502793
61,323,303,5,75,0.33508299193762014,"Dict(:p25 => 12.75, :p75 => 28.0, :p50 => 17.5, :p90 => 40.650000000000006, :p99 => 85.91999999999962, :p95 => 51.45000000000002)",2.7827091706431792,19.5015479876161,0.4804870987925254
62,348,330,7,75,0.326197309970623,"Dict(:p25 => 12.59375, :p75 => 25.625, :p50 => 17.125, :p90 => 37.150000000000006, :p99 => 72.70999999999981, :p95 => 49.80000000000007)",2.9945582209513213,18.67241379310345,0.4980427222522934
63,371,353,7,75,0.3263960929750911,"Dict(:p25 => 12.5, :p75 => 24.0, :p50 => 16.0, :p90 => 36.50000000000006, :p99 => 72.10000000000008, :p95 => 48.750000000000085)",2.5745269931892008,18.452830188679247,0.5054140651514687
64,388,371,8,75,0.3250561300319388,"Dict(:p25 => 12.4375, :p75 => 23.25, :p50 => 16.25, :p90 => 35.650000000000006, :p99 => 71.90999999999997, :p95 => 48.0)",2.39462592160753,18.435567010309278,0.5029650164807211
65,396,379,8,75,0.3217123481226911,"Dict(:p25 => 12.84375, :p75 => 23.25, :p50 => 16.75, :p90 => 35.87500000000007, :p99 => 72.35000000000008, :p95 => 46.43750000000004)",2.449406916616357,19.042929292929294,0.48765033975881344
66,406,390,8,76,0.31402178250437407,"Dict(:p25 => 13.0, :p75 => 23.6875, :p50 => 17.3125, :p90 => 35.50000000000006, :p99 => 72.64999999999992, :p95 => 44.5)",2.4273218240683705,19.480295566502463,0.47858335611920566
67,420,405,9,76,0.3083722386897314,"Dict(:p25 => 13.0, :p75 => 23.25, :p50 => 17.5625, :p90 => 34.05000000000001, :p99 => 72.67000000000002, :p95 => 42.312500000000014)",2.5844636146950544,19.63809523809524,0.4738782273336104
68,442,428,10,76,0.30770913456320215,"Dict(:p25 => 12.25, :p75 => 23.0, :p50 => 17.375, :p90 => 32.95000000000002, :p99 => 71.53999999999985, :p95 => 42.5)",2.5104071387856073,19.457013574660632,0.4786641060717669
69,454,442,12,76,0.30835536508796757,"Dict(:p25 => 12.15625, :p75 => 22.59375, :p50 => 17.25, :p90 => 32.35000000000002, :p99 => 71.81999999999982, :p95 => 42.17500000000001)",2.571908679232928,19.612334801762113,0.47032319286288216
70,469,458,13,76,0.31460734228381915,"Dict(:p25 => 12.0, :p75 => 22.75, :p50 => 17.0, :p90 => 31.350000000000023, :p99 => 71.91999999999996, :p95 => 41.700000000000045)",2.553983152021659,19.803837953091683,0.46542573217338923
71,475,466,15,76,0.3109640068002284,"Dict(:p25 => 12.1875, :p75 => 23.5, :p50 => 17.0, :p90 => 31.900000000000006, :p99 => 71.90999999999997, :p95 => 40.625000000000085)",2.8008930828987935,20.242105263157896,0.4504505569696471
72,483,475,15,77,0.31315899609322484,"Dict(:p25 => 12.0, :p75 => 24.0, :p50 => 17.5, :p90 => 31.85, :p99 => 72.63000000000002, :p95 => 40.95000000000002)",2.9099376039483715,20.81366459627329,0.440306952859987
73,497,489,15,77,0.30985750539410994,"Dict(:p25 => 12.0, :p75 => 24.25, :p50 => 17.0, :p90 => 30.75, :p99 => 73.09999999999991, :p95 => 40.60000000000002)",3.172209611925273,21.199195171026158,0.4364566289154823
74,511,504,15,78,0.30294122420594616,"Dict(:p25 => 12.25, :p75 => 24.0, :p50 => 16.875, :p90 => 29.75, :p99 => 73.52499999999989, :p95 => 37.37500000000007)",3.507013802171358,21.518590998043052,0.4343198273843041
75,536,530,15,79,0.3020576880061583,"Dict(:p25 => 12.0, :p75 => 23.78125, :p50 => 16.0, :p90 => 29.0, :p99 => 67.7624999999999, :p95 => 35.12500000000003)",3.5558782572395846,21.399253731343283,0.4438011555127588
76,558,557,18,81,0.30262221048178706,"Dict(:p25 => 11.25, :p75 => 23.6875, :p50 => 15.625, :p90 => 29.575000000000003, :p99 => 64.9312499999999, :p95 => 35.13124999999998)",3.956308506004255,20.985663082437277,0.4497791612719575
77,579,580,20,81,0.30468117463766853,"Dict(:p25 => 11.125, :p75 => 22.9375, :p50 => 15.25, :p90 => 28.80000000000001, :p99 => 64.75750000000008, :p95 => 35.0)",3.987997588184747,20.922279792746114,0.44998022528067394
78,594,597,20,83,0.3091944716956585,"Dict(:p25 => 11.0, :p75 => 22.25, :p50 => 15.0, :p90 => 29.25, :p99 => 64.39624999999975, :p95 => 33.343750000000014)",4.01886663421014,21.267676767676768,0.44631451324240046
79,603,610,21,86,0.31148164262000777,"Dict(:p25 => 10.875, :p75 => 22.1875, :p50 => 15.0, :p90 => 29.5, :p99 => 64.1225, :p95 => 32.224999999999994)",3.963053011431594,21.66334991708126,0.4386749810111452
80,610,624,24,90,0.3127699080940314,"Dict(:p25 => 10.90625, :p75 => 22.09375, :p50 => 14.75, :p90 => 30.0, :p99 => 65.02374999999996, :p95 => 32.45624999999998)",3.8101915880613273,21.932786885245903,0.4321763125230511
81,633,650,25,92,0.31500198516599553,"Dict(:p25 => 10.25, :p75 => 21.125, :p50 => 14.5, :p90 => 29.200000000000017, :p99 => 52.839999999999975, :p95 => 32.0)",3.5934781978272134,21.868878357030017,0.4373251878234121
82,645,668,25,98,0.31236025212250773,"Dict(:p25 => 10.25, :p75 => 20.75, :p50 => 14.3125, :p90 => 28.450000000000003, :p99 => 53.77999999999997, :p95 => 32.19999999999999)",3.324791600117313,22.16124031007752,0.4356660733673694
83,667,695,26,102,0.310414778982006,"Dict(:p25 => 10.0, :p75 => 20.0625, :p50 => 14.25, :p90 => 27.75, :p99 => 54.0, :p95 => 31.55000000000001)",3.295841092947176,22.001499250374813,0.4394694645862758
84,676,706,27,103,0.31255613516304925,"Dict(:p25 => 10.0, :p75 => 20.0, :p50 => 14.25, :p90 => 27.6875, :p99 => 54.25, :p95 => 31.8125)",3.304452893258659,22.504437869822485,0.4289727875995186
85,691,725,29,105,0.31514715444686137,"Dict(:p25 => 10.0625, :p75 => 19.4375, :p50 => 13.8125, :p90 => 27.25, :p99 => 55.10000000000002, :p95 => 31.625)",3.213785653257489,22.69464544138929,0.42668864964689845
86,702,743,30,111,0.3111581079719421,"Dict(:p25 => 10.125, :p75 => 19.09375, :p50 => 13.90625, :p90 => 26.225000000000023, :p99 => 54.995000000000005, :p95 => 30.73750000000001)",3.218635132413795,22.799145299145298,0.42288307339853737
87,710,755,30,115,0.3136489158916014,"Dict(:p25 => 10.03125, :p75 => 18.75, :p50 => 13.875, :p90 => 25.762500000000003, :p99 => 54.954999999999984, :p95 => 30.63749999999999)",3.226576518980805,23.37887323943662,0.41569744995668323
88,714,767,31,122,0.30987019960498996,"Dict(:p25 => 10.5, :p75 => 18.59375, :p50 => 14.0, :p90 => 25.75, :p99 => 55.435, :p95 => 30.418750000000003)",3.0420505628807595,23.62044817927171,0.40774539285029165
89,712,781,35,134,0.30139355399489887,"Dict(:p25 => 10.5, :p75 => 18.75, :p50 => 14.0, :p90 => 25.450000000000045, :p99 => 56.33499999999998, :p95 => 30.23750000000001)",3.1352878479037414,23.521067415730336,0.40030236842687916
90,711,788,35,142,0.2968302749792464,"Dict(:p25 => 10.75, :p75 => 18.625, :p50 => 14.0, :p90 => 25.0, :p99 => 54.799999999999955, :p95 => 30.3125)",2.974444785269414,24.12798874824191,0.39095153356855117
91,715,799,36,148,0.29387656885010593,"Dict(:p25 => 10.75, :p75 => 18.625, :p50 => 14.0, :p90 => 24.75, :p99 => 54.72000000000003, :p95 => 29.75)",3.023938835361891,24.54965034965035,0.38512429290074146
92,711,807,39,157,0.2886070828534122,"Dict(:p25 => 11.0, :p75 => 18.625, :p50 => 14.0, :p90 => 25.625, :p99 => 54.799999999999955, :p95 => 29.75)",3.0083770933063563,24.89310829817159,0.3761867560437313
93,718,823,41,164,0.2789719138558642,"Dict(:p25 => 11.0, :p75 => 18.625, :p50 => 14.0, :p90 => 25.53750000000001, :p99 => 50.150000000000205, :p95 => 29.75)",3.0933228245746225,25.132311977715876,0.3753561778006238
94,728,843,42,173,0.27191905088805046,"Dict(:p25 => 10.875, :p75 => 18.0, :p50 => 14.0, :p90 => 24.575000000000017, :p99 => 49.65000000000009, :p95 => 28.831249999999997)",3.1435908834274175,25.232142857142858,0.3788833043487625
95,729,853,42,182,0.2672096031244653,"Dict(:p25 => 11.0, :p75 => 18.0, :p50 => 14.0, :p90 => 24.30000000000001, :p99 => 49.600000000000136, :p95 => 29.30000000000001)",3.1210556338478694,25.828532235939644,0.3753004533400417
96,734,867,44,189,0.26026029270930806,"Dict(:p25 => 11.015625, :p75 => 17.734375, :p50 => 14.0, :p90 => 23.75, :p99 => 49.679999999999836, :p95 => 28.918750000000003)",3.1589623464898944,26.025885558583106,0.37296430179661355
97,733,876,46,197,0.24707276539305756,"Dict(:p25 => 11.0625, :p75 => 17.625, :p50 => 14.0, :p90 => 23.85000000000001, :p99 => 46.03999999999985, :p95 => 28.799999999999997)",3.2942162593321056,26.42701227830832,0.3671743734727295
98,743,886,46,197,0.2471043117704652,"Dict(:p25 => 11.125, :p75 => 17.59375, :p50 => 14.0, :p90 => 23.625, :p99 => 45.74000000000012, :p95 => 28.33749999999999)",3.3919005026141087,27.057873485868104,0.3624843947408871
99,754,903,48,201,0.2443925554183728,"Dict(:p25 => 11.0, :p75 => 17.125, :p50 => 13.78125, :p90 => 23.5, :p99 => 47.70500000000004, :p95 => 28.418750000000003)",3.2492379106515075,27.119363395225463,0.3615202488138378
100,767,919,49,203,0.24522263778688047,"Dict(:p25 => 11.0, :p75 => 17.0, :p50 => 13.75, :p90 => 22.92500000000001, :p99 => 47.51000000000005, :p95 => 28.5)",3.121886513047798,27.486310299869622,0.362443192268298
101,780,935,49,206,0.24329529505221092,"Dict(:p25 => 10.796875, :p75 => 16.640625, :p50 => 13.5625, :p90 => 22.0, :p99 => 47.315000000000055, :p95 => 28.0)",3.1507503717207332,27.84102564102564,0.36366379982147157
102,795,953,51,207,0.24204229478506356,"Dict(:p25 => 10.65625, :p75 => 16.40625, :p50 => 13.4375, :p90 => 21.575000000000003, :p99 => 47.08999999999992, :p95 => 27.57499999999999)",3.241342296175153,28.09559748427673,0.36576730911318944
103,796,961,55,210,0.24183561108516916,"Dict(:p25 => 10.5234375, :p75 => 16.4375, :p50 => 13.5, :p90 => 21.5, :p99 => 47.07499999999993, :p95 => 27.90625)",3.1960093073421953,28.571608040201006,0.35935884629143167
104,803,971,57,211,0.2428841894210232,"Dict(:p25 => 10.5, :p75 => 16.5, :p50 => 13.375, :p90 => 21.60000000000001, :p99 => 41.495000000000005, :p95 => 27.987499999999997)",3.328890802702439,29.12079701120797,0.35556834637812607
105,810,978,57,211,0.2435323419988238,"Dict(:p25 => 10.3125, :p75 => 16.375, :p50 => 13.25, :p90 => 21.63125, :p99 => 41.47749999999999, :p95 => 27.818749999999994)",3.205007725184224,29.860493827160493,0.34943477952394586
106,811,984,62,211,0.24450909391424314,"Dict(:p25 => 10.28125, :p75 => 16.359375, :p50 => 13.25, :p90 => 22.0, :p99 => 41.474999999999994, :p95 => 27.625)",3.1791197267217193,30.381011097410603,0.3416574797536349
107,819,993,62,212,0.24529935861866625,"Dict(:p25 => 10.15625, :p75 => 16.25, :p50 => 13.15625, :p90 => 21.75, :p99 => 41.454999999999984, :p95 => 27.525000000000006)",3.1677342656693765,31.01953601953602,0.3383599365492693
108,825,1005,68,212,0.24534258190292335,"Dict(:p25 => 10.03125, :p75 => 16.09375, :p50 => 13.125, :p90 => 21.725, :p99 => 41.44, :p95 => 27.25)",3.1592421992669557,31.28727272727273,0.3365601153327793
109,831,1014,69,214,0.24372796983010558,"Dict(:p25 => 10.0, :p75 => 16.0, :p50 => 13.0, :p90 => 21.625, :p99 => 41.42499999999998, :p95 => 27.375)",3.0826786354721465,31.85800240673887,0.3328507855537848
110,830,1017,72,215,0.2432456704813557,"Dict(:p25 => 10.0, :p75 => 16.296875, :p50 => 13.125, :p90 => 22.03750000000001, :p99 => 41.42750000000001, :p95 => 27.75)",3.0624633065205376,32.55421686746988,0.32430845513809503
111,831,1021,74,216,0.2419943974756833,"Dict(:p25 => 10.0, :p75 => 16.28125, :p50 => 13.125, :p90 => 21.75, :p99 => 41.42499999999998, :p95 => 27.8125)",3.022723386585468,33.27677496991576,0.31739692387736396
112,839,1031,76,216,0.24365321094344905,"Dict(:p25 => 10.0, :p75 => 16.125, :p50 => 13.0, :p90 => 21.637500000000003, :p99 => 41.405, :p95 => 28.0)",3.0250322673193923,33.76638855780691,0.3157786634366715
113,840,1034,78,216,0.24289824249783876,"Dict(:p25 => 10.0, :p75 => 16.1875, :p50 => 12.9375, :p90 => 21.69375, :p99 => 41.4025, :p95 => 27.881249999999994)",3.0104075667948136,34.57738095238095,0.3092224298912196
114,838,1040,86,216,0.23761611195902188,"Dict(:p25 => 10.0, :p75 => 16.3359375, :p50 => 13.046875, :p90 => 21.706250000000004, :p99 => 40.9725, :p95 => 27.893749999999997)",3.1506946723928326,34.985680190930786,0.3042734749120053
115,836,1044,92,216,0.23849743694429315,"Dict(:p25 => 10.0234375, :p75 => 16.375, :p50 => 13.046875, :p90 => 21.75, :p99 => 41.412499999999994, :p95 => 28.09375)",3.2110874664549356,35.58133971291866,0.2986204248603084
116,839,1050,95,216,0.23885755866048664,"Dict(:p25 => 10.0, :p75 => 16.34375, :p50 => 13.0, :p90 => 21.700000000000003, :p99 => 40.965, :p95 => 28.03750000000001)",3.11116875105662,36.153754469606675,0.29435954587039737
117,847,1061,98,216,0.24233995644074513,"Dict(:p25 => 9.890625, :p75 => 16.234375, :p50 => 12.9375, :p90 => 21.650000000000006, :p99 => 40.38499999999999, :p95 => 27.962500000000006)",3.16899191900652,36.552538370720185,0.2953574555583012
118,848,1067,103,216,0.24436275480165048,"Dict(:p25 => 9.75, :p75 => 16.0, :p50 => 12.859375, :p90 => 21.91250000000001, :p99 => 40.38249999999999, :p95 => 28.24374999999999)",3.066171124079618,37.04245283018868,0.29121884978460355
119,855,1076,105,216,0.2476566684748116,"Dict(:p25 => 9.625, :p75 => 16.0, :p50 => 12.6875, :p90 => 21.825000000000003, :p99 => 40.76750000000004, :p95 => 28.112500000000026)",3.0831110545131173,37.54736842105263,0.29063192614852795
120,856,1082,110,216,0.24639718870279048,"Dict(:p25 => 9.625, :p75 => 16.0, :p50 => 12.625, :p90 => 22.0, :p99 => 38.168749999999974, :p95 => 27.8125)",3.0806603297450983,38.06308411214953,0.2873037231152802
121,857,1087,114,216,0.24779757229906774,"Dict(:p25 => 9.5625, :p75 => 16.0, :p50 => 12.59375, :p90 => 21.875, :p99 => 38.16499999999998, :p95 => 27.80000000000001)",3.0734726976184037,38.73745624270712,0.28464867244325864
122,860,1096,120,216,0.24723486524287552,"Dict(:p25 => 9.5625, :p75 => 16.0, :p50 => 12.5, :p90 => 22.0, :p99 => 37.741874999999986, :p95 => 28.393750000000026)",2.956249982283015,39.11395348837209,0.28485157290273877
123,859,1101,126,216,0.25033442480131596,"Dict(:p25 => 9.4375, :p75 => 16.0, :p50 => 12.5, :p90 => 22.0, :p99 => 37.74624999999998, :p95 => 28.03750000000001)",2.895857510032558,39.71944121071013,0.28247712476304865
124,858,1108,134,216,0.25180903287596856,"Dict(:p25 => 9.375, :p75 => 16.0, :p50 => 12.5, :p90 => 22.0, :p99 => 38.48249999999999, :p95 => 28.112499999999983)",2.8782748663511217,40.07575757575758,0.28070430369397936
125,858,1112,138,216,0.25411286475106865,"Dict(:p25 => 9.3515625, :p75 => 16.0, :p50 => 12.421875, :p90 => 22.206250000000004, :p99 => 38.48249999999999, :p95 => 28.112499999999983)",2.931084332860276,40.73776223776224,0.2770704676549669
126,856,1115,143,216,0.2582110915375726,"Dict(:p25 => 9.234375, :p75 => 16.0, :p50 => 12.375, :p90 => 22.8125, :p99 => 39.46874999999987, :p95 => 29.25)",2.8229280765907254,41.396028037383175,0.27248024881677524
127,862,1125,147,216,0.2584179372823501,"Dict(:p25 => 9.0, :p75 => 15.9453125, :p50 => 12.359375, :p90 => 22.962500000000034, :p99 => 38.4725, :p95 => 28.118750000000006)",2.755030234269377,41.73433874709977,0.2739283370605714
128,862,1129,151,216,0.25872692349314264,"Dict(:p25 => 9.00390625, :p75 => 16.0, :p50 => 12.375, :p90 => 23.0, :p99 => 38.4725, :p95 => 28.0)",2.7956309243620128,42.403712296983755,0.2708852252062852
129,858,1131,157,216,0.25833679385178576,"Dict(:p25 => 9.125, :p75 => 16.0, :p50 => 12.421875, :p90 => 23.3125, :p99 => 38.48249999999999, :p95 => 28.018749999999997)",2.8731495761420898,43.0979020979021,0.26626649172487227
130,854,1133,163,216,0.25826018018244423,"Dict(:p25 => 9.125, :p75 => 16.1875, :p50 => 12.5, :p90 => 23.462500000000006, :p99 => 39.50625000000005, :p95 => 30.13125000000001)",2.8231359439882184,43.76463700234192,0.26151098509473436
131,856,1140,168,216,0.25885668907332593,"Dict(:p25 => 9.0625, :p75 => 16.1953125, :p50 => 12.5, :p90 => 23.3125, :p99 => 39.46874999999987, :p95 => 30.46875)",2.8287537738299378,44.22429906542056,0.2615344868108169
132,858,1145,171,216,0.25901300565821117,"Dict(:p25 => 9.078125, :p75 => 16.2109375, :p50 => 12.5, :p90 => 23.3125, :p99 => 39.431249999999906, :p95 => 29.843749999999986)",2.7726485371570977,44.86363636363637,0.26018483547125126
133,847,1149,186,216,0.2616000371258147,"Dict(:p25 => 9.171875, :p75 => 16.359375, :p50 => 12.71875, :p90 => 23.80000000000001, :p99 => 40.039999999999964, :p95 => 30.75)",2.8754295932903906,45.18299881936245,0.25831763314719325
134,846,1155,193,216,0.2604288804914223,"Dict(:p25 => 9.203125, :p75 => 16.46875, :p50 => 12.75, :p90 => 23.9375, :p99 => 39.82499999999993, :p95 => 30.75)",2.959313648779829,45.58747044917258,0.25761434722822174
135,829,1156,211,216,0.2613069910304475,"Dict(:p25 => 9.5625, :p75 => 16.625, :p50 => 12.890625, :p90 => 24.41250000000001, :p99 => 40.91250000000001, :p95 => 31.85000000000001)",2.8409580854328493,46.00844390832328,0.2539199906739291
136,828,1162,218,216,0.26132315773616077,"Dict(:p25 => 9.546875, :p75 => 16.6328125, :p50 => 12.8828125, :p90 => 24.5625, :p99 => 41.83125000000001, :p95 => 31.07499999999999)",2.7861538813617517,46.3731884057971,0.25322010865633504
137,821,1163,226,216,0.26084292486702587,"Dict(:p25 => 9.75, :p75 => 16.75, :p50 => 13.0, :p90 => 24.75, :p99 => 41.87499999999997, :p95 => 31.25)",2.850016938958629,47.113276492082825,0.24967225380302738
138,822,1173,235,216,0.2619422891707279,"Dict(:p25 => 9.73828125, :p75 => 16.73046875, :p50 => 13.0, :p90 => 24.75, :p99 => 42.0, :p95 => 31.225000000000023)",2.8003797455523833,47.19829683698297,0.25334768591170187
139,817,1178,245,216,0.26468977260066073,"Dict(:p25 => 9.6875, :p75 => 16.8125, :p50 => 13.0, :p90 => 24.850000000000023, :p99 => 42.21000000000001, :p95 => 32.0)",2.8298453442392666,47.58629130966952,0.25324784942231804
140,813,1184,255,216,0.25973768115221385,"Dict(:p25 => 9.8125, :p75 => 17.15625, :p50 => 13.0625, :p90 => 24.75, :p99 => 41.925, :p95 => 30.44999999999999)",3.0906603816983744,47.865928659286595,0.25358286320881973
141,806,1190,268,216,0.26268540724643175,"Dict(:p25 => 9.87890625, :p75 => 17.421875, :p50 => 13.1015625, :p90 => 25.21875, :p99 => 42.53437499999996, :p95 => 30.796875)",3.0921619427223215,48.101736972704714,0.25500287692704493
142,802,1196,278,216,0.26070387599686784,"Dict(:p25 => 10.0, :p75 => 17.625, :p50 => 13.25, :p90 => 25.243750000000006, :p99 => 42.0, :p95 => 30.725000000000023)",3.069998660381118,48.443890274314214,0.2561790853865029
143,791,1203,296,216,0.2645265474436804,"Dict(:p25 => 10.0, :p75 => 18.0, :p50 => 13.375, :p90 => 25.75, :p99 => 43.33750000000002, :p95 => 31.46875)",3.171875210585925,48.48546144121365,0.25961906133193247
144,788,1209,305,216,0.2677754229286049,"Dict(:p25 => 10.08203125, :p75 => 18.25, :p50 => 13.453125, :p90 => 26.0, :p99 => 44.125, :p95 => 32.0)",3.1282739669424813,48.75,0.25985999150342476
145,787,1212,309,216,0.2659805910477231,"Dict(:p25 => 10.1875, :p75 => 18.28125, :p50 => 13.5, :p90 => 26.0, :p99 => 45.125, :p95 => 31.92500000000001)",3.021175847977203,49.449809402795424,0.25792179681653304
146,778,1216,322,216,0.2628721757199517,"Dict(:p25 => 10.39453125, :p75 => 18.734375, :p50 => 13.75, :p90 => 26.03750000000001, :p99 => 45.21125000000001, :p95 => 32.0)",3.0047890367454686,49.634961439588686,0.2563708824025952
147,772,1220,332,216,0.26236603818215976,"Dict(:p25 => 10.55859375, :p75 => 19.0, :p50 => 13.90625, :p90 => 26.181250000000006, :p99 => 45.233749999999986, :p95 => 32.0)",3.1219105373386493,50.02849740932643,0.255892169165578
148,768,1223,339,216,0.26087399226845553,"Dict(:p25 => 10.7734375, :p75 => 19.15625, :p50 => 14.0, :p90 => 26.22500000000001, :p99 => 45.24874999999997, :p95 => 32.162499999999994)",3.167442173605808,50.583333333333336,0.2543128829025949
149,768,1227,343,216,0.260382902655488,"Dict(:p25 => 10.853515625, :p75 => 19.28125, :p50 => 14.0, :p90 => 26.44375000000003, :p99 => 45.24874999999997, :p95 => 32.571093749999996)",3.2995820281888566,51.162760416666664,0.2533159996161318
150,761,1233,356,216,0.26120240053509947,"Dict(:p25 => 10.75, :p75 => 19.46875, :p50 => 14.015625, :p90 => 26.875, :p99 => 45.27499999999999, :p95 => 33.25)",3.2291842208538784,51.23784494086728,0.2546908776597323
151,741,1238,381,216,0.26074488271565777,"Dict(:p25 => 11.09375, :p75 => 19.625, :p50 => 14.375, :p90 => 27.1875, :p99 => 47.10000000000004, :p95 => 33.75)",3.1279188551731156,50.95411605937922,0.2565472214766944
152,729,1243,398,216,0.26413626995273365,"Dict(:p25 => 11.25, :p75 => 20.1875, :p50 => 14.5625, :p90 => 28.50625000000003, :p99 => 47.36500000000004, :p95 => 35.04375000000001)",3.113408882099204,50.8079561042524,0.2565377368332813
153,716,1249,417,216,0.2619224222276544,"Dict(:p25 => 11.78125, :p75 => 20.3203125, :p50 => 14.890625, :p90 => 29.4375, :p99 => 47.962500000000006, :p95 => 35.921875)",3.30254461782761,50.726256983240226,0.2600757850761697
154,706,1253,431,216,0.2615979823745138,"Dict(:p25 => 11.96875, :p75 => 20.484375, :p50 => 15.0, :p90 => 30.03125, :p99 => 50.849999999999795, :p95 => 37.4140625)",3.1331177229222074,51.021246458923514,0.261598541864114
155,698,1263,449,216,0.2645357585289141,"Dict(:p25 => 12.0, :p75 => 21.234375, :p50 => 15.203125, :p90 => 29.94375000000003, :p99 => 53.04499999999996, :p95 => 38.25)",3.213428385711348,50.5243553008596,0.26845682189083786
156,692,1275,467,216,0.26544200155040953,"Dict(:p25 => 12.015625, :p75 => 21.578125, :p50 => 15.203125, :p90 => 31.868750000000006, :p99 => 52.09000000000003, :p95 => 39.34843750000001)",3.147242583719998,49.98121387283237,0.2780584221643636
157,689,1287,482,216,0.2686671216176191,"Dict(:p25 => 12.125, :p75 => 21.9375, :p50 => 15.28125, :p90 => 31.900000000000006, :p99 => 53.0, :p95 => 38.85000000000002)",3.2134228756390706,49.41799709724238,0.28673182135146225
158,688,1297,493,216,0.27022209466270564,"Dict(:p25 => 12.0, :p75 => 22.341796875, :p50 => 15.375, :p90 => 32.82500000000002, :p99 => 53.0, :p95 => 39.11874999999999)",3.2242125881348502,49.19912790697674,0.29314901096319024
159,689,1304,499,216,0.2690544238854984,"Dict(:p25 => 12.15625, :p75 => 22.46875, :p50 => 15.578125, :p90 => 32.80000000000001, :p99 => 53.0, :p95 => 40.10000000000001)",3.2692409735810344,49.48040638606676,0.29598940593939704
160,686,1312,510,216,0.27090628777235115,"Dict(:p25 => 12.1953125, :p75 => 22.609375, :p50 => 15.63671875, :p90 => 32.875, :p99 => 53.0, :p95 => 40.4921875)",3.2632503150439702,49.43002915451895,0.3000836056923748
161,679,1319,524,216,0.2745594227546402,"Dict(:p25 => 12.2890625, :p75 => 22.953125, :p50 => 16.0, :p90 => 33.13125, :p99 => 54.32656250000004, :p95 => 40.471875)",3.296725931345636,49.2459499263623,0.30312060189913836
162,663,1323,544,216,0.2776862153672386,"Dict(:p25 => 12.50390625, :p75 => 23.6875, :p50 => 16.3125, :p90 => 34.20000000000002, :p99 => 55.891875, :p95 => 41.496875)",3.3052092645647195,49.03921568627451,0.30490358677273965
163,661,1329,552,216,0.27909721716779834,"Dict(:p25 => 12.6484375, :p75 => 24.0, :p50 => 16.5625, :p90 => 34.3125, :p99 => 56.875, :p95 => 41.5)",3.3688410712963734,49.26475037821483,0.3069638171850484
164,652,1333,565,216,0.2785805442374487,"Dict(:p25 => 12.84375, :p75 => 24.89453125, :p50 => 16.9609375, :p90 => 34.7953125, :p99 => 57.6078125, :p95 => 41.556250000000006)",3.394070017787545,49.28680981595092,0.30716451206136686
165,649,1341,576,216,0.28028075814467535,"Dict(:p25 => 13.0, :p75 => 25.0, :p50 => 17.0, :p90 => 35.52187500000001, :p99 => 57.7525, :p95 => 42.45000000000003)",3.383778681696438,49.07395993836672,0.31098121378900756
166,640,1349,593,216,0.29145509088809884,"Dict(:p25 => 13.0390625, :p75 => 25.625, :p50 => 16.96875, :p90 => 36.56875, :p99 => 58.8834375, :p95 => 44.84687499999997)",3.182200920057205,48.5890625,0.31677508079557515
167,634,1356,606,216,0.29061292207387823,"Dict(:p25 => 13.234375, :p75 => 25.71875, :p50 => 17.2109375, :p90 => 37.12343750000002, :p99 => 59.345624999999984, :p95 => 46.021875)",3.0439195920831166,48.337539432176655,0.32010538167505964
168,630,1363,617,216,0.2880049480575464,"Dict(:p25 => 13.2890625, :p75 => 25.734375, :p50 => 17.3828125, :p90 => 37.85156250000001, :p99 => 59.43156250000001, :p95 => 46.471875)",3.000575991372175,48.234920634920634,0.32355169438228537
169,629,1372,627,216,0.29125664706225884,"Dict(:p25 => 13.3125, :p75 => 26.0625, :p50 => 17.78125, :p90 => 38.66250000000001, :p99 => 59.760000000000005, :p95 => 46.63125000000001)",3.0883947470423005,47.98092209856916,0.3282819247735633
170,631,1387,640,216,0.29424418441781097,"Dict(:p25 => 13.296875, :p75 => 26.234375, :p50 => 17.703125, :p90 => 38.78125, :p99 => 61.38749999999985, :p95 => 47.4375)",3.136776686875267,47.061806656101425,0.339959236160446
171,628,1395,651,216,0.2955789428529385,"Dict(:p25 => 13.3125, :p75 => 26.87890625, :p50 => 17.53125, :p90 => 38.845312500000006, :p99 => 64.5150000000001, :p95 => 48.067187499999974)",3.1167075013351857,46.86305732484077,0.3437529623353266
172,627,1408,665,216,0.2918115937831329,"Dict(:p25 => 13.703125, :p75 => 27.0, :p50 => 17.953125, :p90 => 39.13750000000002, :p99 => 67.31593750000008, :p95 => 48.428125)",3.1276801186852614,46.18500797448166,0.3536934589202665
173,632,1423,675,216,0.29599607994025323,"Dict(:p25 => 13.353515625, :p75 => 27.015625, :p50 => 17.626953125, :p90 => 39.26640625000002, :p99 => 68.86046874999991, :p95 => 48.18281250000002)",3.3130918907914872,45.55537974683544,0.3642762726045279
174,630,1436,690,216,0.3073003814087427,"Dict(:p25 => 13.28125, :p75 => 26.9765625, :p50 => 17.646484375, :p90 => 39.28906250000001, :p99 => 73.07734375000014, :p95 => 51.09999999999991)",3.043289184519407,44.63809523809524,0.37254513497312725
175,621,1442,705,216,0.31213739584744227,"Dict(:p25 => 13.3671875, :p75 => 27.96875, :p50 => 17.921875, :p90 => 40.4375, :p99 => 78.74374999999995, :p95 => 54.25)",2.9848818755646582,44.17713365539453,0.3730261953824592
176,611,1449,722,216,0.31983025568057966,"Dict(:p25 => 13.421875, :p75 => 28.15625, :p50 => 17.921875, :p90 => 41.390625, :p99 => 80.38749999999996, :p95 => 55.34375)",3.0300084895335955,43.64648117839607,0.37597387724721765
177,604,1460,740,216,0.32784117836795645,"Dict(:p25 => 13.408203125, :p75 => 28.84765625, :p50 => 17.8515625, :p90 => 45.31250000000003, :p99 => 80.49906250000004, :p95 => 56.1421875)",3.0673991067741753,42.70198675496689,0.3831565668496213
178,608,1476,752,216,0.33278824927836936,"Dict(:p25 => 13.21484375, :p75 => 29.0234375, :p50 => 18.0, :p90 => 44.91250000000001, :p99 => 81.29203124999982, :p95 => 56.51328125)",3.1165701287961554,41.8733552631579,0.39382703304177413
179,607,1486,763,216,0.3369537348842335,"Dict(:p25 => 13.1796875, :p75 => 29.796875, :p50 => 17.9140625, :p90 => 46.112500000000026, :p99 => 81.32843749999978, :p95 => 57.146875)",3.200074892989896,41.4003294892916,0.39706540814781266
180,609,1495,770,216,0.33746887062904674,"Dict(:p25 => 13.25, :p75 => 30.25, :p50 => 18.0, :p90 => 46.768750000000004, :p99 => 81.3356249999999, :p95 => 58.23125)",3.1145343487784314,41.32183908045977,0.39829708488834115
181,605,1504,783,216,0.34305895599385705,"Dict(:p25 => 13.435546875, :p75 => 31.28125, :p50 => 18.0859375, :p90 => 47.965625, :p99 => 86.79187500000016, :p95 => 59.06249999999997)",3.1523290860424926,40.86776859504132,0.40092735796237955
182,603,1520,801,216,0.3569340274267043,"Dict(:p25 => 13.0, :p75 => 31.71875, :p50 => 17.5078125, :p90 => 49.850000000000044, :p99 => 88.39750000000001, :p95 => 60.271875)",3.127769719095437,39.43946932006634,0.41019288944786325
183,610,1532,806,216,0.3578100203751251,"Dict(:p25 => 12.91015625, :p75 => 32.2109375, :p50 => 17.40625, :p90 => 50.001562500000006, :p99 => 88.36687499999998, :p95 => 60.54843749999997)",3.1181365172799436,39.2327868852459,0.41224055589196706
184,613,1550,821,216,0.3670898462193637,"Dict(:p25 => 12.6796875, :p75 => 32.40625, :p50 => 17.09375, :p90 => 51.831250000000054, :p99 => 89.90375, :p95 => 61.30312499999998)",3.0064896353413935,38.00326264274062,0.4223240055213955
185,616,1557,825,216,0.36734869222259947,"Dict(:p25 => 12.9091796875, :p75 => 33.0, :p50 => 17.2978515625, :p90 => 52.1328125, :p99 => 89.87187500000002, :p95 => 61.880859375)",2.976386976681631,38.31818181818182,0.4193043441899569
186,616,1566,834,216,0.3731662690896298,"Dict(:p25 => 12.890625, :p75 => 32.083984375, :p50 => 17.203125, :p90 => 53.3125, :p99 => 90.021875, :p95 => 64.4140625)",2.9038609118161967,38.03896103896104,0.4182320325628621
187,607,1574,851,216,0.37907510070633954,"Dict(:p25 => 13.01171875, :p75 => 33.0078125, :p50 => 16.90625, :p90 => 55.05000000000001, :p99 => 92.7018749999999, :p95 => 65.79375000000003)",2.9195572430666163,37.3838550247117,0.41843702546615935
188,611,1587,860,216,0.3823710654362029,"Dict(:p25 => 13.0, :p75 => 33.265625, :p50 => 16.6875, :p90 => 55.609375, :p99 => 92.73749999999998, :p95 => 65.65625)",2.8437268764300807,36.85924713584288,0.42069598471141423
189,617,1599,866,216,0.38678442181156836,"Dict(:p25 => 12.8828125, :p75 => 32.40625, :p50 => 16.421875, :p90 => 56.187500000000014, :p99 => 96.90750000000014, :p95 => 67.60000000000007)",2.7456033350092044,36.68881685575364,0.4217160285125776
190,621,1609,872,216,0.3889516734139675,"Dict(:p25 => 12.7265625, :p75 => 32.59375, :p50 => 16.6328125, :p90 => 57.0, :p99 => 98.05624999999998, :p95 => 68.75)",2.6610856257803417,36.628019323671495,0.42035852634562776
191,628,1623,879,216,0.3922103380245585,"Dict(:p25 => 12.6376953125, :p75 => 32.3623046875, :p50 => 16.4658203125, :p90 => 57.25898437500001, :p99 => 98.75398437500003, :p95 => 68.9125)",2.5736670097229113,36.302547770700635,0.42303199576675343
192,630,1637,891,216,0.3981938160243115,"Dict(:p25 => 12.537109375, :p75 => 31.0, :p50 => 16.4453125, :p90 => 57.26054687500002, :p99 => 107.41773437500007, :p95 => 71.42890624999994)",2.4040245327280982,35.59047619047619,0.4253796936965253
193,628,1646,902,216,0.40100325737123543,"Dict(:p25 => 12.52734375, :p75 => 30.7109375, :p50 => 16.38671875, :p90 => 60.100390625, :p99 => 104.93539062500008, :p95 => 72.90234375)",2.3473022212292296,35.13694267515923,0.4209431635608518
194,626,1652,910,216,0.40618176035979014,"Dict(:p25 => 12.654296875, :p75 => 30.26171875, :p50 => 16.01171875, :p90 => 60.9609375, :p99 => 109.248046875, :p95 => 74.16796875)",2.179549225634849,35.12300319488818,0.41406583413870335
195,621,1660,923,216,0.40758219031897336,"Dict(:p25 => 12.765625, :p75 => 29.296875, :p50 => 16.234375, :p90 => 61.296875, :p99 => 112.14999999999993, :p95 => 76.0)",1.9241339957805539,34.51529790660226,0.4073732990326293
196,627,1677,934,216,0.4106794771150337,"Dict(:p25 => 12.5595703125, :p75 => 28.5859375, :p50 => 16.44140625, :p90 => 62.55937500000006, :p99 => 112.80375000000002, :p95 => 77.75468750000005)",1.8577859475775922,33.717703349282296,0.41095939189192743
197,638,1695,941,216,0.41627632155729377,"Dict(:p25 => 12.3955078125, :p75 => 27.1650390625, :p50 => 16.1103515625, :p90 => 63.275, :p99 => 113.16562499999998, :p95 => 81.02109374999998)",1.8009769456482299,33.18652037617555,0.41480144094322524
198,644,1708,948,216,0.4153877072778287,"Dict(:p25 => 12.5810546875, :p75 => 27.51953125, :p50 => 15.984375, :p90 => 63.28750000000001, :p99 => 113.95937499999978, :p95 => 80.88515625)",1.781976169198941,33.07453416149068,0.4152688595340157
199,648,1719,955,216,0.41367662331725996,"Dict(:p25 => 12.583984375, :p75 => 26.8359375, :p50 => 15.87109375, :p90 => 63.145312500000024, :p99 => 110.64999999999986, :p95 => 81.31914062499999)",1.805732219748569,33.0679012345679,0.4135546083698036
200,655,1731,960,216,0.41763560798958954,"Dict(:p25 => 12.55078125, :p75 => 26.765625, :p50 => 15.640625, :p90 => 62.67812500000002, :p99 => 111.90328125000013, :p95 => 81.70390624999999)",1.8050667934432092,33.019847328244275,0.4109309814673372
201,659,1741,966,216,0.42171352118907546,"Dict(:p25 => 12.474609375, :p75 => 26.6953125, :p50 => 15.685546875, :p90 => 63.40937500000008, :p99 => 118.09374999999994, :p95 => 81.98281250000002)",1.6610335248419987,33.053110773899846,0.4068894016568372
202,664,1757,977,216,0.4219371819103257,"Dict(:p25 => 12.2060546875, :p75 => 26.7578125, :p50 => 15.50390625, :p90 => 59.35000000000001, :p99 => 119.0, :p95 => 83.40703125000005)",1.6313557931832792,32.45180722891566,0.4079065007011524
203,675,1774,983,216,0.42131785012487244,"Dict(:p25 => 12.21484375, :p75 => 26.255859375, :p50 => 15.4765625, :p90 => 57.83437500000003, :p99 => 119.25999999999999, :p95 => 82.00390624999994)",1.4816549405497534,32.22814814814815,0.4105185593794587
204,686,1791,989,216,0.42293904057979836,"Dict(:p25 => 11.98828125, :p75 => 25.55859375, :p50 => 15.0947265625, :p90 => 57.23046875, :p99 => 121.046875, :p95 => 81.5703125)",1.494340910332164,31.973760932944607,0.4118503137294205
205,693,1804,995,216,0.42818506709195203,"Dict(:p25 => 11.921875, :p75 => 25.546875, :p50 => 14.908203125, :p90 => 56.875000000000014, :p99 => 122.37000000000003, :p95 => 82.021875)",1.5034617445860892,31.881673881673883,0.4087091609495883
206,701,1816,999,216,0.430303019365746,"Dict(:p25 => 11.921875, :p75 => 25.265625, :p50 => 14.625, :p90 => 56.9140625, :p99 => 122.3125, :p95 => 82.984375)",1.4456113872814467,32.02567760342368,0.40552465615458666
207,702,1822,1004,216,0.42911363810716274,"Dict(:p25 => 11.96533203125, :p75 => 25.232421875, :p50 => 14.802734375, :p90 => 57.01484375000002, :p99 => 123.0309375, :p95 => 83.93906250000005)",1.4408534844979424,32.3974358974359,0.3973955606765702
208,717,1840,1007,216,0.4296965025544732,"Dict(:p25 => 11.82421875, :p75 => 24.3125, :p50 => 14.59375, :p90 => 56.64843750000006, :p99 => 123.02625, :p95 => 83.25937500000005)",1.4347477054993871,32.35146443514645,0.4002083512210419
209,729,1856,1011,216,0.4317950407444786,"Dict(:p25 => 11.765625, :p75 => 23.150390625, :p50 => 14.400390625, :p90 => 56.60781250000002, :p99 => 126.70671875000005, :p95 => 83.28437500000001)",1.4195914019155673,32.401920438957475,0.4015587022986278
210,742,1872,1014,216,0.4301428702563044,"Dict(:p25 => 11.771484375, :p75 => 22.1904296875, :p50 => 14.25, :p90 => 55.57304687500006, :p99 => 127.72320312500003, :p95 => 83.88945312500002)",1.398432791002624,32.49191374663073,0.40224853677240113
211,744,1883,1023,216,0.428333585922855,"Dict(:p25 => 11.8154296875, :p75 => 22.47265625, :p50 => 14.3232421875, :p90 => 54.717187500000016, :p99 => 128.27398437499988, :p95 => 83.987109375)",1.3953506499319062,32.48118279569893,0.3985696157135368
212,748,1893,1029,216,0.4259944184746429,"Dict(:p25 => 11.95068359375, :p75 => 22.068359375, :p50 => 14.34765625, :p90 => 54.17578125000003, :p99 => 129.19554687499993, :p95 => 84.27421874999999)",1.3922511282832004,32.644385026737964,0.39364709911991813
213,759,1911,1036,216,0.4298316685474617,"Dict(:p25 => 11.8271484375, :p75 => 21.787109375, :p50 => 14.08984375, :p90 => 51.68125000000003, :p99 => 130.55984374999997, :p95 => 84.57109375000003)",1.3805913434460222,32.41106719367589,0.3952361365510888
214,765,1925,1044,216,0.42959912017043944,"Dict(:p25 => 11.765625, :p75 => 21.7890625, :p50 => 14.234375, :p90 => 50.77500000000001, :p99 => 130.86218750000003, :p95 => 85.86249999999995)",1.3429203465271236,32.30326797385621,0.3930343174282771
215,769,1938,1053,216,0.4252544587941731,"Dict(:p25 => 11.765625, :p75 => 21.091796875, :p50 => 14.1640625, :p90 => 46.756250000000186, :p99 => 129.47624999999994, :p95 => 85.25312500000001)",1.3692071995736228,32.16775032509753,0.38947874684594797
216,775,1956,1065,216,0.42291095239849685,"Dict(:p25 => 11.771484375, :p75 => 20.490234375, :p50 => 14.126953125, :p90 => 44.16406250000001, :p99 => 130.66609374999996, :p95 => 83.59999999999991)",1.337480464307537,31.769032258064517,0.39120037838142374
217,784,1968,1068,216,0.42420871213628253,"Dict(:p25 => 11.710205078125, :p75 => 20.3642578125, :p50 => 14.05908203125, :p90 => 44.057421875, :p99 => 130.6596093749999, :p95 => 82.96484375)",1.328375929028648,32.110969387755105,0.38851128832863835
218,785,1974,1073,216,0.4235599557044807,"Dict(:p25 => 11.8828125, :p75 => 20.580078125, :p50 => 14.0703125, :p90 => 43.32500000000004, :p99 => 130.6299999999999, :p95 => 82.70390624999999)",1.346328332731888,32.62038216560509,0.3815556007152703
219,798,1992,1078,216,0.4235141706282224,"Dict(:p25 => 11.610595703125, :p75 => 20.462890625, :p50 => 13.97900390625, :p90 => 42.290625000000006, :p99 => 130.24507812499994, :p95 => 80.10791015624994)",1.34302885233826,32.647869674185465,0.3846502122577007
220,804,2007,1087,216,0.4208083878719311,"Dict(:p25 => 11.66259765625, :p75 => 20.51025390625, :p50 => 13.97900390625, :p90 => 41.9509765625, :p99 => 133.9983593750001, :p95 => 79.35468750000004)",1.344941983386223,32.5634328358209,0.3841055503202828
221,815,2021,1090,216,0.41939531565377774,"Dict(:p25 => 11.552734375, :p75 => 20.224609375, :p50 => 13.9296875, :p90 => 40.47968750000001, :p99 => 133.56265625000006, :p95 => 78.47812499999992)",1.3436495034861549,32.84539877300613,0.3833360033020523
222,820,2034,1098,216,0.4206173756950371,"Dict(:p25 => 11.491943359375, :p75 => 20.185546875, :p50 => 13.67919921875, :p90 => 40.22968750000001, :p99 => 134.74999999999997, :p95 => 71.75048828124999)",1.3580880738584777,32.863414634146345,0.3806076381975041
223,821,2041,1104,216,0.41984860980756267,"Dict(:p25 => 11.44140625, :p75 => 20.234375, :p50 => 13.685546875, :p90 => 40.1796875, :p99 => 137.97968749999984, :p95 => 70.375)",1.3864363947844143,33.265529841656516,0.3740339931651173
224,826,2053,1111,216,0.42013498944946925,"Dict(:p25 => 11.4384765625, :p75 => 20.125, :p50 => 13.67919921875, :p90 => 40.26953125, :p99 => 145.2109375, :p95 => 68.380859375)",1.3886496198054097,33.44309927360775,0.37201158202608675
225,826,2060,1118,216,0.41967714686042634,"Dict(:p25 => 11.4384765625, :p75 => 20.0146484375, :p50 => 13.67919921875, :p90 => 40.51953125, :p99 => 145.4609375, :p95 => 67.93994140625)",1.3875404450593833,33.80629539951574,0.36589091872682444
226,835,2075,1124,216,0.41910383043702737,"Dict(:p25 => 11.32080078125, :p75 => 19.673828125, :p50 => 13.5, :p90 => 40.056250000000006, :p99 => 144.8956249999998, :p95 => 67.83183593749999)",1.4065102794339208,33.90778443113773,0.36663143884942295
227,840,2089,1133,216,0.41809432164010296,"Dict(:p25 => 11.1728515625, :p75 => 19.642578125, :p50 => 13.3798828125, :p90 => 39.712109375000004, :p99 => 138.57757812500006, :p95 => 67.03798828124997)",1.411478352282139,33.917857142857144,0.3663417938162594
228,845,2099,1138,216,0.4118333126744076,"Dict(:p25 => 11.3564453125, :p75 => 20.01953125, :p50 => 13.392578125, :p90 => 38.646093750000006, :p99 => 135.05593749999997, :p95 => 63.65312499999993)",1.4694434974090773,34.2698224852071,0.36312831764918885
229,840,2106,1150,216,0.4060990422254016,"Dict(:p25 => 11.59033203125, :p75 => 20.27587890625, :p50 => 13.4619140625, :p90 => 40.0, :p99 => 134.22054687500008, :p95 => 63.962890625)",1.5040642543858593,34.38095238095238,0.35679832805698464
230,842,2114,1156,216,0.4040338895980564,"Dict(:p25 => 11.63671875, :p75 => 20.3212890625, :p50 => 13.4619140625, :p90 => 38.97734375000002, :p99 => 134.12007812500016, :p95 => 63.88398437500007)",1.5346204417626164,34.81472684085511,0.35312928392504017
231,847,2126,1163,216,0.4031754204650797,"Dict(:p25 => 11.56005859375, :p75 => 20.2880859375, :p50 => 13.3896484375, :p90 => 39.36406250000005, :p99 => 129.95773437499992, :p95 => 64.94062500000007)",1.4567274953905929,34.968122786304605,0.3516223063242996
232,847,2137,1174,216,0.40338925087211464,"Dict(:p25 => 11.50244140625, :p75 => 20.318359375, :p50 => 13.3671875, :p90 => 39.896875000000016, :p99 => 129.95773437499992, :p95 => 63.49921875000007)",1.4940350155574964,34.99645808736718,0.3494548523040035
233,846,2145,1183,216,0.4042110960032579,"Dict(:p25 => 11.619140625, :p75 => 20.38818359375, :p50 => 13.357421875, :p90 => 39.9140625, :p99 => 129.98378906249988, :p95 => 63.576171875)",1.516727091352166,35.16193853427896,0.34385734986010075
234,842,2149,1191,216,0.40244067919151894,"Dict(:p25 => 11.732666015625, :p75 => 21.1318359375, :p50 => 13.36474609375, :p90 => 40.16171875000002, :p99 => 130.08800781250008, :p95 => 62.40078125000002)",1.4983811462498198,35.68289786223278,0.33769183912176093
235,852,2162,1194,216,0.4053717796984162,"Dict(:p25 => 11.4560546875, :p75 => 20.9267578125, :p50 => 13.2939453125, :p90 => 40.16171875000002, :p99 => 123.13800781250009, :p95 => 61.66054687500003)",1.5036784890224775,35.96244131455399,0.3380607294769489
236,852,2168,1200,216,0.4026272836102216,"Dict(:p25 => 11.5716552734375, :p75 => 20.5048828125, :p50 => 13.359375, :p90 => 40.16171875000002, :p99 => 123.13800781250009, :p95 => 61.078808593750026)",1.5719704884219619,36.458920187793424,0.33348194091093686
237,850,2178,1212,216,0.40319750785913455,"Dict(:p25 => 11.557373046875, :p75 => 20.43994140625, :p50 => 13.3583984375, :p90 => 40.230859375000016, :p99 => 117.74609375, :p95 => 61.47353515624995)",1.6346829654394093,36.50588235294118,0.33181899869196796
238,851,2187,1220,216,0.40333491048637193,"Dict(:p25 => 11.5283203125, :p75 => 21.1259765625, :p50 => 13.359375, :p90 => 41.9609375, :p99 => 111.1064453125, :p95 => 61.4150390625)",1.6779971618984693,36.810810810810814,0.33027021175218674
239,848,2197,1233,216,0.4033351509640637,"Dict(:p25 => 11.5145263671875, :p75 => 21.26806640625, :p50 => 13.3583984375, :p90 => 41.983203125, :p99 => 111.34943359374978, :p95 => 61.59052734374997)",1.676861768935908,36.85495283018868,0.3293778514243766
240,850,2203,1237,216,0.404697822716217,"Dict(:p25 => 11.4698486328125, :p75 => 20.841796875, :p50 => 13.357421875, :p90 => 41.968359375, :p99 => 104.82388671874996, :p95 => 63.703417968749974)",1.6311178785912204,37.37529411764706,0.32457438161137464
241,848,2208,1244,216,0.405359277453204,"Dict(:p25 => 11.4830322265625, :p75 => 21.05712890625, :p50 => 13.357421875, :p90 => 42.010546875, :p99 => 104.91501953124987, :p95 => 63.76064453124999)",1.6745263391951124,37.860849056603776,0.3199728141098648
242,850,2215,1249,216,0.40726418417782395,"Dict(:p25 => 11.407958984375, :p75 => 21.21142578125, :p50 => 13.2939453125, :p90 => 42.28984375, :p99 => 104.82388671874996, :p95 => 63.21376953124998)",1.7058039270401228,38.36470588235294,0.31757764669805355
243,846,2219,1257,216,0.40819872841063654,"Dict(:p25 => 11.43115234375, :p75 => 21.912109375, :p50 => 13.33984375, :p90 => 42.63671875, :p99 => 105.00615234374979, :p95 => 63.81787109375)",1.7374359658561251,38.90425531914894,0.31313282477861426
244,848,2232,1268,216,0.40998224721010956,"Dict(:p25 => 11.2906494140625, :p75 => 22.0810546875, :p50 => 13.224609375, :p90 => 42.528906250000034, :p99 => 104.91501953124987, :p95 => 63.76064453124999)",1.7384918961447884,38.95400943396226,0.3169825100571242
245,846,2244,1282,216,0.4094710207512977,"Dict(:p25 => 11.2540283203125, :p75 => 21.8974609375, :p50 => 13.18798828125, :p90 => 42.140625, :p99 => 105.00615234374979, :p95 => 63.29150390625)",1.7491727440381948,38.80378250591016,0.3180906226334492
246,845,2251,1290,216,0.40831456256255594,"Dict(:p25 => 11.30712890625, :p75 => 22.0, :p50 => 13.197265625, :p90 => 42.220312500000006, :p99 => 105.05171874999975, :p95 => 63.31093749999998)",1.7142950352857205,39.16213017751479,0.3158268467253209
247,846,2259,1297,216,0.4069894230699471,"Dict(:p25 => 11.455078125, :p75 => 21.9443359375, :p50 => 13.2587890625, :p90 => 42.63671875, :p99 => 104.70380859374976, :p95 => 63.29150390625)",1.7304537304295826,39.508274231678485,0.3144508638630583
248,845,2264,1303,216,0.4045125328081749,"Dict(:p25 => 11.38720703125, :p75 => 22.328125, :p50 => 13.294921875, :p90 => 44.329882812500024, :p99 => 101.26609374999992, :p95 => 63.31093749999998)",1.7368923590924543,40.023668639053255,0.3105840527120607
249,840,2273,1317,216,0.4026677674335235,"Dict(:p25 => 11.4830322265625, :p75 => 22.947265625, :p50 => 13.37451171875, :p90 => 44.77568359375, :p99 => 100.21638671875002, :p95 => 63.417285156249974)",1.7171416460534912,39.98809523809524,0.3096668509618792
250,844,2283,1323,216,0.40512180631467753,"Dict(:p25 => 11.41943359375, :p75 => 22.765625, :p50 => 13.228515625, :p90 => 44.43955078125005, :p99 => 100.18208984374995, :p95 => 63.87509765625001)",1.751130921377696,40.22985781990521,0.30980003054034344
